,Unnamed: 0,fighter_name,id
1000,1001,Aalon Cruz,003d82fa384ca1d0
11533,11534,Aaron Brink,cf1a88371c8cb690
6316,6317,Aaron Phillips,34c2b3656f88f7ef
9694,9695,Aaron Riley,f2c8ebbeafd45f2b
8516,8517,Aaron Rosa,11f8860028b68fcf
9844,9845,Aaron Simpson,d5f820c11a121050
9043,9044,Aaron Wilkinson,338a11d3674eb2d4
3193,3194,Abdul Razak Alhassan,eae431e70064e046
3469,3470,Abdul-Kerim Edilov,37e03538c960bac6
6875,6876,Abel Trujillo,e14b5aa06eea9653
5073,5074,Abner Lloveras,6448e57a9533b7e4
2587,2588,Abu Azaitar,46d0a888d87d91ac
1242,1243,Abubakar Nurmagomedov,029e1293e609fd74
7557,7558,Adam Cella,b27b8881d7444114
2941,2942,Adam Milstead,72ffecf712673af1
3269,3270,Adam Wieczorek,efa1f6b42c86793c
2474,2475,Adam Yandiev,0a95c474e61a6c44
7157,7158,Adlan Amagov,1e327b281ef6a745
11571,11572,Adrian Serrano,e7ec11096eac0282
366,367,Adrian Yanez,0232cabbc30a2372
7084,7085,Adriano Martins,7dcf06c1967801c1
11699,11700,Adriano Santos,c6e6926a81adcd00
3920,3921,Aiemann Zahabi,24656ef4d605c96f
6016,6017,Aisling Daly,e50cd77732d39967
5157,5158,Akbarh Arreola,c136b2a8852da5bd
10402,10403,Akihiro Gono,b2acebbef8da14ea
7032,7033,Akira Corassani,3f52ce18fb98008f
6111,6112,Al Iaquinta,59279a7c978f7da0
431,432,Alan Baudot,c9a94278df042f46
9526,9527,Alan Belcher,4130a743d9d22163
3476,3477,Alan Jouban,cf65d56b0755ed3b
5506,5507,Alan Omer,f2ad06f1007c481a
7182,7183,Alan Patrick,cd7763bcadb5d4c8
6816,6817,Albert Cheng,d8d7b24d276c8cb0
4165,4166,Albert Morales,544d7460b3e44393
4275,4276,Albert Tumenov,ff6a1f63c254127e
12035,12036,Alberta Cerra Leon,6e02c318762f52f1
10481,10482,Alberto Crane,25433871e4eee0f4
6332,6333,Alberto Mina,4b1d46a1b5c0fd11
4440,4441,Alberto Uda,8f2deefe8c5dfb5d
4793,4794,Alejandro Perez,80daefbed11ce998
487,488,Aleksa Camur,c2a670b22d2e196f
1739,1740,Aleksandar Rakic,333b9e5c723ac873
2080,2081,Aleksandra Albu,e76d9f656ceb82ab
1531,1532,Aleksei Kunchenko,e2ccd9a9ace60de7
619,620,Aleksei Oleinik,98c23cb6da5b3352
1384,1385,Alen Amedovski,70fa1c64a2c439ef
568,569,Alessio Di Chirico,77d7295d1b22c694
9704,9705,Alessio Sakara,7f955f71fa2ce7ac
11563,11564,Alex Andrade,1562b12763cc8d67
3976,3977,Alex Caceres,7aa3d6964eff4877
5271,5272,Alex Chambers,26b63bc5c0c1f65d
1541,1542,Alex Da Silva,c3ded6f7155f9ea4
6313,6314,Alex Garcia,a2b12c3f3d60ff69
2254,2255,Alex Gorgees,803bebcfb6d6f506
11762,11763,Alex Hunter,baa5358456803df8
11146,11147,Alex Karalexis,e361e5c858af6ff1
2291,2292,Alex Morono,cdb96af67d096b1e
3721,3722,Alex Nicholson,2b6d855c6e280fb1
5486,5487,Alex Oliveira,57b10fca4f9c9a7a
2550,2551,Alex Perez,ab2b4ff41d6ebe0f
3409,3410,Alex Reyes,dc07493a87dc0a6e
4417,4418,Alex Ricci,bf9bc96336922271
11145,11146,Alex Schoenauer,fdfef29ba17ee525
8190,8191,Alex Soto,d18dbcb0f8e2b55d
11537,11538,Alex Stiebling,df5a77121ba84a5d
5815,5816,Alex Torres,e4e0f310b3cf23a8
3091,3092,Alex White,c17041f1bb5768d8
101,102,Alexa Grasso,e8b731feff72294b
8417,8418,Alexander Gustafsson,3c6976f8182d9527
2562,2563,Alexander Hernandez,262a7d06203657e6
633,634,Alexander Munoz,f8f1ec513bcfef43
3674,3675,Alexander Volkanovski,e1248941344b3288
2899,2900,Alexander Volkov,279566840aa55bf2
4945,4946,Alexander Yakovlev,d06f8869449ba7bd
536,537,Alexandr Romanov,c0badf3243907e59
9939,9940,Alexandre Barros,8fd1f27e86661ede
11549,11550,Alexandre Dantas,8dc46e9a7895ce1a
9087,9088,Alexandre Ferreira,28ba5f27e473420c
124,125,Alexandre Pantoja,a0f0004aadf10b71
3158,3159,Alexis Davis,4c2d90e335e6df19
5948,5949,Alexis Dufresne,4ae4049426e0161d
11627,11628,Alfonso Alcarez,1e38bba6738b7b10
440,441,Ali AlQaisi,e87a13e02c01331d
5225,5226,Ali Bagautinov,3dd92ff9fb0412b3
5007,5008,Alistair Overeem,b4ad3a06ee4d660c
5088,5089,Aljamain Sterling,cb696ebfb6598724
11715,11716,Allan Goes,e62b36885ecdac27
2673,2674,Allan Zuniga,523af801b3429015
10527,10528,Allen Berube,aebfb84d1f6d2d8c
2133,2134,Allen Crowder,a9d6e047ce48ab63
844,845,Alonzo Menifield,a495f599e787614f
6415,6416,Alptekin Ozkilic,e18a19001a3f7c7d
3494,3495,Alvaro Herrera Mendoza,74d35fbc9c6a61bd
10495,10496,Alvin Robinson,cbe79765d44bd172
4563,4564,Amanda Cooper,d4a31850a7457f1b
1147,1148,Amanda Lemos,3df5493bb279226f
7318,7319,Amanda Nunes,80fa8218c99f9c58
151,152,Amanda Ribas,beecb672a279223e
11423,11424,Amar Suloev,7aa88401f93ce836
11562,11563,Amaury Bitetti,7a359ef685a304a7
8985,8986,Amilcar Alves,dc5a6b2fdb27e7dc
162,163,Amir Albazi,6d35bf94f7d30241
8676,8677,Amir Sadollah,2650e2f846a30f64
1693,1694,Anderson Dos Santos,bbc9ab95fa766493
10274,10275,Anderson Silva,1f454354805b6f75
2175,2176,Andre Ewell,5f6f049d54728e88
4293,4294,Andre Fili,8fd808923cffff82
10119,10120,Andre Gusmao,cc300e9aa3063431
1207,1208,Andre Muniz,886264a0c9f4ea5e
11631,11632,Andre Pederneiras,bba678d312590087
11716,11717,Andre Roberts,a54a35a670d8e852
2923,2924,Andre Soukhamthath,d0e50a3d1b250708
9192,9193,Andre Winner,b45d6b73f4ca4467
2075,2076,Andrea Lee,05fa626cb33d15b8
727,728,Andreas Michailidis,79325a3c1a5c3bf4
6380,6381,Andreas Stahl,69a400af4420cd6a
10284,10285,Andrei Arlovski,3738e68d2261e60f
11424,11425,Andrei Semenov,5f2f0da6fd6a84fd
7717,7718,Andrew Craig,8a70ceb3edbe757b
4139,4140,Andrew Holbrook,66ab58d0b3783607
1821,1822,Andrew Sanchez,fccf811c1e8b01c7
11979,11980,Andy Anderson,9199e0735b83dd32
5879,5880,Andy Enz,993d385f5a475375
6851,6852,Andy Ogle,b6c4451cb13c9303
10523,10524,Andy Wang,476414d2f18cd059
1025,1026,Angela Hill,f0feeb2192937424
3191,3192,Angela Magana,bd878a638e0e3be3
8064,8065,Anistavio Medeiros,2937cb502dda0808
4713,4714,Anna Elmose,1536a25e16fc299b
11019,11020,Ansar Chalangov,7342fcc41a4817fa
4594,4595,Anthony Birchak,c5a126ace82a6025
5332,5333,Anthony Christodoulou,4f11e9ce318ffbcb
4480,4481,Anthony Hamilton,c727c7d31c50c4cf
2117,2118,Anthony Hernandez,093e1f5bb73850be
822,823,Anthony Ivy,3c5005b66696d790
10272,10273,Anthony Johnson,365fee2da473b177
6648,6649,Anthony Lapsley,f3a853544e4413c4
11960,11961,Anthony Macias,dedc3bb440d09554
6618,6619,Anthony Njokuani,6bf5a7d3e081ade2
10861,10862,Anthony Perosh,4b4753d19489297f
922,923,Anthony Pettis,cbb682f5fcc44bfc
6315,6316,Anthony Rocco Martin,5331b25a60417ffb
4577,4578,Anthony Smith,d4c9dcd330403612
10846,10847,Anthony Torres,918d9d89d4d52acc
7627,7628,Anton Kuivanen,706f8e2b34e8e18b
5169,5170,Anton Zafir,8c822811eedc11ad
10623,10624,Antoni Hardonk,69b69c0178c4004d
1558,1559,Antonina Shevchenko,d7338bcb141abd2c
1206,1207,Antonio Arroyo,61fb8098ccf81c7f
8953,8954,Antonio Banuelos,9ddfb3369a3b0394
7420,7421,Antonio Braga Neto,fae67903c4fe636b
3332,3333,Antonio Carlos Junior,52e76bb4b3e852f3
8409,8410,Antonio Carvalho,fef3d17e27e916e7
5511,5512,Antonio Dos Santos,81b8b3fb019dc69d
9009,9010,Antonio McKee,3414b50b08a10600
10215,10216,Antonio Mendes,3795fca327cbcf23
10294,10295,Antonio Rodrigo Nogueira,ee9d73f4fee9cbdd
5151,5152,Antonio Silva,8349d55cdecd393a
6336,6337,Anying Wang,69e8c632135af48b
1412,1413,Ariane Carnelossi,c0d5c0c95c59050b
1220,1221,Ariane Lipski,6551c64fbcd1a467
3216,3217,Ariel Beck,b96939f2b8d88e82
2874,2875,Arjan Bhullar,7e511f8d842a109d
1575,1576,Arman Tsarukyan,eae48ff31db420c2
1090,1091,Arnold Allen,040a74bb0a465c54
3356,3357,Artem Lobov,02f2a9702ba3d167
11983,11984,Asbel Cancio,2a7afe14b3a0a058
3681,3682,Ashkan Mokhtarian,e9bc5748e6a76bb6
2895,2896,Ashlee Evans-Smith,fc6e681bf6658faf
1285,1286,Ashley Yoder,b4c6c904a9ffc5e8
41,42,Askar Askarov,b1d19449397541dc
1772,1773,Aspen Ladd,d4691518d012b9e7
10591,10592,Assuerio Silva,e091482fa6648261
3801,3802,Augusto Mendes,3d5b1ce6097dbb49
4346,4347,Augusto Montano,94508d80e1f885fc
1849,1850,Augusto Sakai,441eacbe20e0e80b
2567,2568,Austin Arnett,bf0e700106d00e55
802,803,Austin Hubbard,d2cd7a69cc55e7ed
1076,1077,Austin Lingo,305d73ede05e31ad
571,572,Austin Springer,37cc294027f55e4d
7837,7838,Azamat Gashimov,a1b0715c4fd2dbd3
3417,3418,Azunna Anyanwu,78d48d3874dacafd
11417,11418,BJ Penn,73c7cfa551289285
2665,2666,Barb Honchak,472f6f6e6d962f40
7537,7538,Bart Palaszewski,4304992c2acc187b
2597,2598,Bartosz Fabinski,e17ac6410c8377f4
11672,11673,Bas Rutten,03688dc3c3af3ac1
978,979,Batgerel Danaa,3b0a516d2921e0d6
1754,1755,Bea Malecki,b60c980f79b87ce8
4814,4815,Bec Rawlings,907e60fd13407e1e
110,111,Belal Muhammad,b1b0729d27936f2f
7562,7563,Ben Alloway,c4fe2e9a06ea5bcb
2013,2014,Ben Askren,0b31f87be71ebbb1
11538,11539,Ben Earwood,ee457ef1e1c326c1
5655,5656,Ben Nguyen,840d2c82ea68b9aa
4931,4932,Ben Rothwell,bd58d34e39b7b12a
3715,3716,Ben Saunders,484acc7b0f856ce9
1010,1011,Ben Sosoli,326f94d6cfb1bf25
6647,6648,Ben Wall,1ad381c8994c4e5b
127,128,Beneil Dariush,08af939f41b5a57b
3157,3158,Benito Lopez,773f7feacf96153e
11357,11358,Benji Radach,01b39decaf0abf6a
8835,8836,Benson Henderson,2676b28836a5a836
5768,5769,Bentley Syler,abd2109bc4cb0291
8327,8328,Bernardo Magalhaes,7a613f78dd7ee8f8
7567,7568,Besam Yousef,98ec9f385cca47fc
3641,3642,Bethe Correia,673ea7dcc786b1b3
345,346,Bevon Lewis,899923ff6ab13917
3235,3236,Bharat Kandare,efd2b3e9bb7965a4
3835,3836,Bibulatov Magomed,87f19d19f4cb73f8
279,280,Bill Algeo,9abc648e76c4493a
11105,11106,Bill Mahood,ae58685caf8e4a0d
10375,10376,Billy Miles,3c48019bc387b80c
1190,1191,Billy Quarantillo,aa171d55d4b5208f
850,851,Blagoy Ivanov,1788eee370f077b7
11590,11591,Bob Cook,1c061eb6e29eaa0a
11713,11714,Bob Gilstrap,c96518b7f6881004
649,650,Bobby Green,887961364be5ceb3
11441,11442,Bobby Hoffman,afaad7d6a581e307
2345,2346,Bobby Moffett,d76ad9a08c4408ff
3559,3560,Bobby Nash,7dfb56f24fe5ddea
11137,11138,Bobby Southworth,aee8eecfc4bfb1e7
6975,6976,Bobby Voelker,fb8a3025ae722e64
3468,3469,Bojan Mihajlovic,d6285cba1d1052e0
3457,3458,Bojan Velickovic,fcce75a25c14a804
1898,1899,Boston Salmon,98e946879ba20c0f
9962,9963,Brad Blackburn,7e69a4b0961aa555
11554,11555,Brad Gumm,4d74641fac830182
11025,11026,Brad Imes,4908c5ee68a50ee5
2661,2662,Brad Katona,7b433309b0fd12aa
11749,11750,Brad Kohler,13c4313ed0f744f3
10247,10248,Brad Morris,6803d4d6908354ac
6790,6791,Brad Pickett,c945adc22c2bfe8f
1012,1013,Brad Riddell,37ed1ab2f8b819f4
7777,7778,Brad Scott,34e552520a934063
154,155,Brad Tavares,0c6d9ea8306c029e
10877,10878,Branden Lee Hinkle,06f0ffa6446c5b6d
1515,1516,Brandon Davis,cc351e408bbb7d43
10521,10522,Brandon Melendez,2b06b6ad5db63348
237,238,Brandon Moreno,792be9a24df82ed6
475,476,Brandon Royval,6e15f63b6c2e2c15
5461,5462,Brandon Thatch,638cfec7ec559d6e
10193,10194,Brandon Vera,fa315e6c77eee106
10001,10002,Brandon Wolff,aa79d5399571068e
766,767,Brendan Allen,2f181c0467965b98
7790,7791,Brendan Loughnane,b788862dd1c11eac
4816,4817,Brendan O'Reilly,494b0bfdbac74502
9539,9540,Brendan Schaub,89a407032911e27e
3209,3210,Brett Johns,ec52462a1b41f714
8730,8731,Brian Bowles,b26d3e3746fb4024
3583,3584,Brian Camozzi,1999ffb5cebc314f
9877,9878,Brian Cobb,3138fab619faf4d1
8926,8927,Brian Ebersole,32ba186f4b0e3267
9572,9573,Brian Foster,3dc3022232b79c7a
11073,11074,Brian Gassaway,e4770d5ed44a3970
10529,10530,Brian Geraghty,15edcf67ccf5be84
6929,6930,Brian Houston,36fbaa49a09ff997
11841,11842,Brian Johnston,1c3f5e85b59ec710
105,106,Brian Kelleher,7be14eaed4c74856
7373,7374,Brian Melancon,eee7dafac7d672b5
400,401,Brian Ortega,def8166ff24bd237
9236,9237,Brian Stann,579fcdfcabd23a7b
1637,1638,Brianna Van Buren,b53c46f613f6f248
7534,7535,Bristol Marunde,a17322f99ddfd8e9
7633,7634,Brock Jardine,64959f90b6dd9759
9665,9666,Brock Larson,5eedbf1e9601be35
10006,10007,Brock Lesnar,513c6f1715e547a8
9997,9998,Brodie Farber,91d73ee59347ac16
1034,1035,Brok Weaver,7c9f96f9a6a5cd50
5196,5197,Bruno Rodrigues,6c011be66326ad97
7018,7019,Bruno Santos,da1d8d76404bb6b5
1371,1372,Bruno Silva,294aa73dbf37d281
3780,3781,Bryan Barberena,a331233f597090a5
6155,6156,Bryan Caraway,5ef0088c1b19beeb
2675,2676,Bryce Mitchell,d9c6f19f958643e9
5216,5217,Bubba Bush,132505067f08c54d
7955,7956,Buddy Roberts,b2a2da86546ddb19
7741,7742,Byron Bloodworth,ecdf14f4f8643d39
6741,6742,CB Dollaway,5d7bdab5e03e3216
11555,11556,CJ Fernandes,979f7edbb6980b0d
7727,7728,CJ Keith,c0eecd851dbf3146
2714,2715,CM Punk,a8c9d16fe2a14d72
6299,6300,Cain Carrizosa,064b7dc68d786254
9434,9435,Cain Velasquez,0ff11cc094e887bc
7418,7419,Caio Magalhaes,0c5c66ddd1886b83
11882,11883,Cal Worsham,de3ed2e152520c8d
10137,10138,Cale Yarbrough,a0b91014e9d16a76
1020,1021,Callan Potter,8fc9ae9c7527dfcb
712,713,Calvin Kattar,751de04455cfaac0
9753,9754,Cameron Dollar,3bbcd63a016d9715
455,456,Cameron Else,5f3da9a9610d8969
11439,11440,Caol Uno,eb1723480fa2f96c
5772,5773,Carla Esparza,d910665038efc639
2045,2046,Carlo Pedersoli Jr.,198994b47f395af0
8397,8398,Carlo Prater,4f853e98886283cf
11757,11758,Carlos Barreto,a220be6d41d6f97d
9652,9653,Carlos Condit,f9f07bb5a43535ed
9095,9096,Carlos Eduardo Rocha,4f736494fc733095
451,452,Carlos Felipe,a2ea77e974c5889f
1807,1808,Carlos Huachin,225def29ecfe0fc1
11712,11713,Carlos Newton,952f6fa06f25a0ec
47,48,Carlos Ulberg,9014c02eff8b3d62
3162,3163,Carls John De Tomas,2a4200ead401a9ce
592,593,Carlton Minus,40d8b74488743800
10581,10582,Carmelo Marrero,aa03a3ca00ac6827
7631,7632,Caros Fodor,01d2ed8c502e3828
1048,1049,Casey Kenney,e7bba7ce4d6c7b07
93,94,Casey O'Neill,04835018f90b118c
2618,2619,Cat Zingano,3ecd936bd8814108
6398,6399,Cathal Pendred,99c7610aa74995d3
4486,4487,Cesar Arzamendia,49f78022126bf4a4
11700,11701,Cesar Marscucci,e8efeb9cf33b1941
5820,5821,Cezar Ferreira,dbc17725b887860a
8229,8230,Chad Griggs,fdf18227faa596dd
4414,4415,Chad Laprise,c03a5022f8439f2a
2617,2618,Chad Mendes,b5b684eac99ae0a3
10683,10684,Chad Reiner,d8022d5526b1d937
9614,9615,Chael Sonnen,48d1f690b763934c
1689,1690,Chan Sung Jung,c451d67c09c55418
3401,3402,Chan-Mi Jeon,24174a3f44ce8e03
1271,1272,Chance Rencountre,1ddb480b601cefb1
2907,2908,Charles Byrd,76ee3d666c648f6b
1775,1776,Charles Jourdain,f1d64ae34e088832
11111,11112,Charles McCarthy,da97d6c97d09c030
4239,4240,Charles Oliveira,07225ba28ae309b6
6189,6190,Charles Rosa,40093d1d2d78394e
6667,6668,Charlie Brenneman,98f6da59d765ec94
361,362,Charlie Ontiveros,318572f6f74b760d
8843,8844,Charlie Valencia,8a0be41c0380188d
3562,3563,Charlie Ward,e81dd0bb8a64b550
5852,5853,Chas Skelly,4bd6b4800070b069
9621,9622,Chase Gormley,052ceb8976695342
835,836,Chase Hooper,971246648e162f0d
3748,3749,Chase Sherman,01b352b6a9074d5c
7648,7649,Che Mills,6cadfd8f1d9e7685
7477,7478,Cheick Kongo,1eacf73d6a0055dc
6902,6903,Chico Camus,32be4b7f7de1c905
4433,4434,Chris Avila,4665cbf36b08193b
5903,5904,Chris Beal,55f446032177b119
11732,11733,Chris Brennan,b19fc66613dc75b9
7106,7107,Chris Camozzi,6c2030e0a143a94b
8307,8308,Chris Cariaso,b2e3aca4cd363477
8237,8238,Chris Clements,e5ecaf884b6da2bc
11657,11658,Chris Condo,41e77dc504a192c6
8534,8535,Chris Cope,8c8c92a12621d7e0
614,615,Chris Daukaus,d0aaedcf7ccd0b45
5701,5702,Chris Dempsey,dfae5da5676e4194
1741,1742,Chris Fishgold,bebb4ae55ac2bf6f
3961,3962,Chris Gruetzemacher,feaf00f3373435d6
115,116,Chris Gutierrez,45f0cc9d18f35137
11371,11372,Chris Haseman,5bd533d50c8e7b8a
6073,6074,Chris Heatherly,bad8be5827ea1bf1
7026,7027,Chris Holdsworth,fc60ecf0671b9489
6504,6505,Chris Indich,d5b7fac960e58920
4743,4744,Chris Kelades,56c9acc4e86046a2
8719,8720,Chris Leben,d43a048a880efdff
11257,11258,Chris Liguori,0e31bfd26cc8c503
10397,10398,Chris Lytle,91acd6910b802a9e
10779,10780,Chris Price,0597a4528ebd1307
11141,11142,Chris Sanford,29f935654825331b
8137,8138,Chris Saunders,b35a159f525764eb
7558,7559,Chris Spang,411d012af19ecb59
8135,8136,Chris Tickle,1d1b85389a05df69
8941,8942,Chris Tuchscherer,df05aa15b2d66f57
4340,4341,Chris Wade,c8097968da5e5f13
8355,8356,Chris Weidman,3a8176e15b9887c1
9921,9922,Chris Wilson,a56607a451e4c70d
2204,2205,Chris de la Rocha,e51ee8ded927fc51
573,574,Christian Aguilera,ae071698e1a3ccd4
3341,3342,Christian Colombo,9123c54d0a2b72dd
8867,8868,Christian Morecraft,80779d7441af1b52
10436,10437,Christian Wellisch,f1b2a4365799c48b
3210,3211,Christina Marks,c7be22a47a58365a
12013,12014,Christophe Leninger,7269329bd87eb479
234,235,Christos Giagos,de45aaae23dfa392
11422,11423,Chuck Liddell,a390eb8a9b2df298
8792,8793,Chuck O'Neil,56bc9ccb609df534
3779,3780,Cindy Dandois,9eef6584fab21fbb
57,58,Ciryl Gane,787bb1f087ccff8a
8841,8842,Claude Patrick,56116a79e4deed06
2216,2217,Claudia Gadelha,ec34349e7dffcde7
1420,1421,Claudio Puelles,d747eb273a40a920
2764,2765,Claudio Silva,6f7c616b98e18c29
6307,6308,Clay Collard,cc900c6a71ed23f3
7694,7695,Clay Guida,c47df9303d318c67
8638,8639,Clay Harvison,83a477a7dba1ca58
8337,8338,Clifford Starks,5abf827d62f98fee
7009,7010,Clint Hester,92b62174c175ce19
6402,6403,Cody Donovan,7bc96507e4b38d3b
233,234,Cody Durden,7f6ed67d3ed3c036
4751,4752,Cody East,5713c1d2fac539ac
4428,4429,Cody Garbrandt,d8c7c61b176e3994
6485,6486,Cody Gibson,700a674c042b7a96
8976,8977,Cody McKenzie,7be63795363029e8
5079,5080,Cody Pfister,5904b0b38dc6718d
838,839,Cody Stamann,bf7ad5628363eec9
6337,6338,Colby Covington,dc9572dd6ec74859
8824,8825,Cole Escovedo,5df17b3620145578
4048,4049,Cole Miller,282fa667ff9c51ed
556,557,Cole Smith,56709e66f1c6008f
1565,1566,Cole Williams,f9a20a17d712ef7c
7577,7578,Colin Fletcher,7d09200f6a77b20e
10341,10342,Colin Robinson,1a1a4d7a29041d77
7531,7532,Collin Hart,16bf6a73bdd302cd
6482,6483,Colton Smith,2e25c1d983c26311
4419,4420,Conor McGregor,f4c49976c75c5ab2
7733,7734,Constantinos Philippou,05560764359161e4
5183,5184,Corey Anderson,5e4eec08896c9423
10163,10164,Corey Hill,abbc737317f66b81
888,889,Cortney Casey,5f179af5fffeb9f6
4574,4575,Cory Hendricks,9ab9912e0f8fa6d6
325,326,Cory McKenna,3351aa64aa83c4d9
423,424,Cory Sandhagen,65f09bacd3957381
10827,10828,Cory Walmsley,83c6c3e0f8bde8ee
9106,9107,Court McGee,523fa774700d7d3f
11733,11734,Courtney Turner,56f4b81ec4db61af
10839,10840,Crafton Wallace,bf41b5131545da12
2499,2500,Craig White,3dd949593346dbc3
3104,3105,Cristiane Justino,634bb0de2eb043b4
6852,6853,Cristiano Marcello,ff4c3ab594c7fac3
4789,4790,Cristina Stanciu,175852708cb55776
8504,8505,Cub Swanson,d247691a6c0e9034
8036,8037,Cung Le,d4f364dd076bb0e2
9135,9136,Curt Warburton,2721bb808bb2523c
3315,3316,Curtis Blaydes,fa6796c55d6c5440
2178,2179,Curtis Millender,f1928a52590c5532
11509,11510,Curtis Stout,e09dbbd5fe3f0fe2
3889,3890,Cynthia Calvillo,98215d037be5bcb7
4801,4802,Cyril Asker,9be6020024133293
8907,8908,Cyrille Diabate,43563a32c3f10e95
1486,1487,Da-Un Jung,74f9448b97bf8bec
8854,8855,DaMarques Johnson,322a56923b396b4d
3404,3405,Daichi Abe,5140122c3eecd307
11519,11520,Daiju Takase,4f74c8be51db8a37
1237,1238,Dalcha Lungiambula,ce632027bf2a871b
10002,10003,Dale Hartt,058e4e08a1ad8aba
8022,8023,Damacio Page,c96e2ae6021144a1
4919,4920,Damian Grabowski,3f11b5d4bd76a6d9
3723,3724,Damian Stasiak,42a7e90605df3c8a
3676,3677,Damien Brown,d024ed963e8bf7ea
2595,2596,Damir Hadzovic,38c626ca912c7bac
2255,2256,Damir Ismagulov,135d124172a0bea3
507,508,Damon Jackson,29af297d9f1de0f8
10377,10378,Dan Barrera,f12f979b657ab876
11770,11771,Dan Bobish,f348d05403fad037
10950,10951,Dan Christison,b369533a577fa97c
9707,9708,Dan Cramer,480b702debcb5433
10117,10118,Dan Evensen,dd8aec6de7035943
9580,9581,Dan Hardy,473ce3aa581251a2
5882,5883,Dan Henderson,1ccf4e7caff270df
761,762,Dan Hooker,193b9d1858bc4df3
2731,2732,Dan Ige,82a5152216251682
9509,9510,Dan Lauzon,4c8d6fde2dde07c4
9194,9195,Dan Miller,d0c29452d3272603
1681,1682,Dan Moret,66e98b3bb5fc5250
11968,11969,Dan Severn,c670aa48827d6be6
8029,8030,Dan Stittgen,cc3147b49c7d7d92
4538,4539,Daniel Cormier,d967f0128c323de6
5307,5308,Daniel Jolly,eeabcd4dc6619129
6127,6128,Daniel Kelly,bdcbb976816fd256
4267,4268,Daniel Omielanczuk,470fedbc8563ac47
8007,8008,Daniel Pineda,361d49960a196976
8752,8753,Daniel Roberts,22edaf53ad59a967
1041,1042,Daniel Rodriguez,8a1f3b5c526cd6e6
6522,6523,Daniel Sarafian,7e47047d0971d566
2737,2738,Daniel Spitz,f86cb5f25d545e0e
6445,6446,Daniel Spohn,87f3bbf52e6c9dc9
1744,1745,Daniel Teymur,fbf0537e420e698e
3100,3101,Danielle Taylor,b76c6268dc1d3c05
9711,9712,Danillo Villefort,fd87b1bbfcde9d5e
1375,1376,Danilo Belluardo,c3f6db17cea09ca7
491,492,Danilo Marques,687c15b2eddfaa63
10895,10896,Danny Abbadi,15df64c02b6b0fde
6666,6667,Danny Castillo,d1e7fc58d4225cdf
611,612,Danny Chavez,0de720c0f1d4ab9c
8555,8556,Danny Downes,a66395395b5f1394
749,750,Danny Henry,f7d73e452b064bf2
6879,6880,Danny Martinez,8a9c6c4301f6d088
6331,6332,Danny Mitchell,c06d554ce1713fd3
3558,3559,Danny Roberts,a6cba6bb66c1a8c9
10173,10174,Dante Rivera,288aaa8f82040e02
1554,1555,Darko Stosic,025f0b1b58fbad01
7345,7346,Daron Cruickshank,5f99b2bafb10305f
11683,11684,Darrel Gholar,a24e080000fa7a35
3633,3634,Darrell Horcher,18e8b7070228e728
7147,7148,Darrell Montague,bffeb123b21c9aad
4498,4499,Darren Elkins,92a9aa9c93192871
623,624,Darren Stewart,a17ad5a5048e8c3f
2757,2758,Darren Till,9ce6d5a03af801b7
7900,7901,Darren Uyenoyama,6546af7ab545b90c
989,990,Darrick Minner,34e516ab361afb1c
9549,9550,Darrill Schoonover,5a558ba1ff5e9121
6257,6258,Dashon Johnson,36207c58e854cae5
11953,11954,Dave Beneteau,9fd1f08dd4aec14a
11851,11852,Dave Berry,b3bbe88fecd6a0d2
6949,6950,Dave Galera,0876d21328cf4a45
8149,8150,Dave Herman,cbd6f1abf955e628
11421,11422,Dave Menne,275cafc9de131c83
11298,11299,Dave Strasser,980b4e712489098e
4272,4273,Davey Grant,113df4fde64735c6
2346,2347,Davi Ramos,0052de90691d4a93
11746,11747,David Abbott,b361180739bed4b0
10063,10064,David Baron,80c0bed43da0e27b
10058,10059,David Bielkheden,1efa064872f089d0
9259,9260,David Branch,d2c55d1d2e67773b
11559,11560,David Dodd,c2a7623f398d9bd7
505,506,David Dvorak,9ada30894bf04e19
10487,10488,David Heath,4f95f74620a6b7a4
11939,11940,David Hood,5af480a3b2e1726b
9799,9800,David Kaplan,5669b828e7e11329
10595,10596,David Lee,8caca5857ce0e30b
12041,12042,David Levicki,49590e0508b2c19f
11110,11111,David Loiseau,22e47b53e4ceb27c
5673,5674,David Michaud,49f4b511932f71e9
7179,7180,David Mitchell,8f3df4c579cfbb69
11653,11654,David Roberts,775bad6d700d2302
11155,11156,David Terrell,4123fd4dcc1fe937
3885,3886,David Teymur,2747c60e42d9d75f
11593,11594,David Velasquez,09c44b317c98bf96
2289,2290,David Zawada,3bb2dc8e87b10a46
3206,3207,DeAnna Bennett,404ecb2700844072
10362,10363,Dean Lister,68c6cd5287b473a7
3338,3339,Deiveson Figueiredo,aa72b0f831d0bfe5
8066,8067,Delson Heleno,970beed85bc46b63
8100,8101,Demetrious Johnson,8a304bfd6bf04a57
9351,9352,Demian Maia,427b5953ac8e3a27
9812,9813,Denis Kang,3c241737a6069b9f
9889,9890,Denis Stojnic,a421465acbe59c77
7628,7629,Dennis Bermudez,6f242453c91a5af0
11199,11200,Dennis Hallman,8a8a84b743ae7699
9768,9769,Dennis Siver,5f87a5c00b3d17ed
1047,1048,Dequan Townsend,3f7dab21b6c971bc
3037,3038,Derek Brunson,b1a3e0aca758b322
9903,9904,Derek Downey,b05086131c6f5dc5
975,976,Deron Winn,483a953b18d73bb3
1479,1480,Derrick Krantz,714e1e0681ddb703
6271,6272,Derrick Lewis,d3df1add9d9a7efb
10937,10938,Derrick Noble,21321cdfba797c52
3463,3464,Desmond Green,f046d724d2a84ac5
1757,1758,Devin Clark,cc7040fe76f0ef91
2580,2581,Devin Powell,065eb44700e641a4
2092,2093,Devonte Smith,207773daeb4afa7b
2227,2228,Dhiego Lima,e9213f53ddeca978
730,731,Diana Belbita,d7e40dca3ae125be
8154,8155,Diego Brandao,c2e3e67b5911bfb7
4939,4940,Diego Ferreira,f53d4f21d1b5f2dc
7899,7900,Diego Nunes,3a24769a4855040a
2784,2785,Diego Rivas,09f579be4520394a
2498,2499,Diego Sanchez,82e7929bf6c2b689
10673,10674,Diego Saraiva,4f4dac51adc1af4f
11871,11872,Dieusel Berto,0db70ca89e1c7374
5341,5342,Dileno Lopes,8270c00fae24c922
10748,10749,Din Thomas,40a604761ca7d64d
11791,11792,Dmitri Stepanov,738acab0c6934dd8
4016,4017,Dmitrii Smoliakov,75afb06215a07341
2917,2918,Dmitry Sosnovskiy,85ff1b9471d35238
10735,10736,Dokonjonosuke Mishima,b14a68c533f4a4aa
1072,1073,Domingo Pilarte,4bf6b225ff6099c4
5451,5452,Dominic Waters,2de91c2244ad7e89
4020,4021,Dominick Cruz,10f3ba6cd2f44a97
1963,1964,Dominick Reyes,2e19380f34871c6a
4455,4456,Dominique Steele,68c11c27d4d56572
11818,11819,Don Frye,271fe91f4ba9d2c5
2399,2400,Don Madge,68c7ad953455c73f
891,892,Don'Tale Mayes,1a9480fc288e55d7
6674,6675,Donald Cerrone,1d00756835ca67c9
8995,8996,Dong Hyun Kim,9bcf8603ceb25680
4657,4658,Dong Hyun Ma,98a6b2361045898f
9115,9116,Dongi Yang,aed06011bf62237b
11781,11782,Donnie Chappell,8788beb528894f33
8737,8738,Donny Walker,e6147d5ab3685899
6065,6066,Dooho Choi,e93b04e308913c2e
10383,10384,Dorian Price,ee4b670e159f4a33
10519,10520,Doug Evans,d3de4a24f7eefac8
2170,2171,Douglas Silva de Andrade,3a314d9fa7c6825d
3187,3188,Drakkar Klose,7cbf7c78d3b34218
95,96,Drako Rodriguez,dc3b9cf7641b7ab6
6589,6590,Drew Dober,519e4fe37ce9ff75
11165,11166,Drew Fickett,d814f5192e58fb2f
10083,10084,Drew McFedries,1fd4fbdcc67de844
429,430,Dricus Du Plessis,0d7b51c9d2649a6e
9084,9085,Duane Ludwig,84ac950d4c1722dd
1755,1756,Duda Santana,d6ead04919a894b1
201,202,Dusko Todorovic,866fd7b1a6c90e7f
10456,10457,Dustin Hazelett,a149d6bc670cdb60
8558,8559,Dustin Jacoby,e4277e87a789d687
7201,7202,Dustin Kimura,fe91d254db77a7fc
8473,8474,Dustin Neace,e503aa5c252a1b4d
4087,4088,Dustin Ortiz,f53c1f4ceeed8c08
8099,8100,Dustin Pague,55f80a8aeffcdb33
1883,1884,Dustin Poirier,029eaff01e6bb8f0
313,314,Dustin Stoltzfus,71505842fb6455c3
11760,11761,Dwayne Cason,31c01fbc2586a5eb
2044,2045,Dwight Grant,8be158ca1e5ea6a0
7008,7009,Dylan Andrews,00debc804e2b1cd4
11696,11697,Ebenezer Fontes Braga,dc950d59dc590aca
5870,5871,Ed Herman,06f36cf4bd97ec77
4957,4958,Eddie Alvarez,33a331684283900f
5481,5482,Eddie Gordon,8cad40a75e5c97f5
7407,7408,Eddie Mendez,49e49b54e5901d0d
11289,11290,Eddie Ruiz,7b9aa973e5c04624
10542,10543,Eddie Sanchez,7f0b4a75ef3039a3
4058,4059,Eddie Wineland,fc9a9559a05f2704
8225,8226,Eddie Yagin,cc84b68f862b466f
6074,6075,Edgar Garcia,8d49545dadf9b919
10449,10450,Edilberto de Oliveira,afdb76fbd86f6d11
7223,7224,Edimilson Souza,6c7020b859c7a3ce
1265,1266,Edmen Shahbazyan,4144798612ef96e5
7326,7327,Ednaldo Oliveira,acd9513399a8b09b
2184,2185,Edson Barboza,64a50dad704d1d49
349,350,Eduardo Garagorri,7bde387d50829adf
8759,8760,Edward Faaloloto,6224e8d0a34264eb
11055,11056,Edwin DeWees,75bbd2206a15319f
8865,8866,Edwin Figueroa,bbfca6d5c27d9cd8
9477,9478,Efrain Escudero,83fd97284f4bb4a4
8301,8302,Eiji Mitsuoka,2b4faacc16d66898
12001,12002,Eldo Xavier Dias,ee5df903f80c6816
2250,2251,Elias Garcia,ac5a7400da3a9a41
5956,5957,Elias Silverio,52ba464d9068d871
2776,2777,Elias Theodorou,34f88592c0ab7a54
8885,8886,Eliot Marshall,a08d909a5be6f410
4431,4432,Elizabeth Phillips,dcbf01d605681ad1
746,747,Elizeu Zaleski dos Santos,8adcbd525fab8d9b
4655,4656,Elvis Mutapcic,28c55b4087a6f136
11369,11370,Elvis Sinosic,817e0bdf08efce2e
1019,1020,Emil Meek,103b06d8707895a9
5097,5098,Emily Kagan,c1ea9d56cd953586
575,576,Emily Whitmire,b3d21b2610dcfaeb
12015,12016,Emmanuel Yarborough,2299605af59fd309
1288,1289,Enrique Barzola,be0b310a12eb80b4
4551,4552,Enrique Marin,23a6e307077c6ccc
11792,11793,Enson Inoue,0cf935519d439ba6
11815,11816,Eric Martin,abbc4fc02e0d84b3
10411,10412,Eric Schafer,f59f1d3a2ff13edd
1956,1957,Eric Shelton,a0c64f272b65d441
3986,3987,Eric Spicely,b9664eae2ac75262
8263,8264,Eric Wisely,53f84637dfffab7a
4250,4251,Erick Montano,8163cd7de0342652
3694,3695,Erick Silva,5866fc86183a9fb8
5583,5584,Ericka Almeida,67a992d4cff22466
6628,6629,Erik Koch,99bd87a300079ed9
7963,7964,Erik Perez,af62f99eb7606308
6569,6570,Ernest Chavez,b406da701c479076
11975,11976,Ernie Verdicia,2b1587a3376ab743
3154,3155,Eryk Anders,cad24459b28592ca
7445,7446,Estevan Payan,d0a5ef38a7778ac2
11638,11639,Eugene Jackson,ce783bf73b5131f9
11731,11732,Eugenio Tadeu,f70144caea5c4c80
5944,5945,Evan Dunham,e5c9de15bb58b1c6
11408,11409,Evan Tanner,8f2d9ee27f206f1f
11500,11501,Fabiano Iha,263ebd4a669e1e98
10917,10918,Fabiano Scherner,0bc7e61d204f2137
11843,11844,Fabio Gurgel,8377c5572cb356f3
5182,5183,Fabio Maldonado,1fb80f46d3c105d9
9575,9576,Fabricio Camoes,7abe471b61725980
8060,8061,Fabricio Werdum,492b202d2064e7a9
11247,11248,Falaniko Vitale,445a98acb8985970
417,418,Fares Ziam,1e4f273069fb9e85
2413,2414,Felice Herrig,b6850671a008bf9a
1571,1572,Felicia Spencer,39d91e95949de3d9
8074,8075,Felipe Arantes,71002dbc1743b9a7
2125,2126,Felipe Colares,dbac0a413af64bbe
4953,4954,Felipe Olivieri,948880beac71f028
2803,2804,Felipe Silva,1b38a2b897f6209c
12007,12008,Felix Lee Mitchell,6cbb7661c3258617
5339,5340,Fernando Bruno,b8c0f30ee9a98b69
4796,4797,Filip Pejic,38ed5a2299230227
11635,11636,Flavio Luiz Moura,ab35634d1a8c7a11
10517,10518,Floyd Sword,5330fe7e4c3af81c
11104,11105,Forrest Griffin,fcffee71cff5530e
10633,10634,Forrest Petz,e86bc32f5997a8f7
11941,11942,Francesco Maturi,d3b5ad3b15a64a18
6756,6757,Francimar Barroso,b69f24c500d783e7
7820,7821,Francis Carmont,3591d0d5d382a381
2283,2284,Francis Ngannou,8d03ce87ca14e778
184,185,Francisco Figueiredo,cdadae5363b66eef
8805,8806,Francisco Rivera,7ea4a9f07df33a45
5236,5237,Francisco Trevino,97a6bbe6e6566a94
4696,4697,Francisco Trinaldo,a8283a4f415e1eb9
3043,3044,Frank Camacho,764342d39cdaa54a
11685,11686,Frank Caracci,44f9c777fed7ca03
12038,12039,Frank Hamaker,c3c23c99477c041b
9751,9752,Frank Lester,edd8d5d8089a35f8
8145,8146,Frank Mir,1ff9589f9065a9ed
11742,11743,Frank Shamrock,fcaae0385b514f11
9629,9630,Frank Trigg,d2d37e8eeb3abc8d
9786,9787,Frankie Edgar,f2688492b9a525a3
4106,4107,Frankie Perez,96c336b463e0662c
1949,1950,Frankie Saenz,9ba2226646046b63
12027,12028,Fred Ettish,8d5daf67983b65ba
9050,9051,Fredson Paixao,320edfb0332b7073
4061,4062,Fredy Serrano,0ccab7c889ede9ea
861,862,Gabe Green,5eb50529a8418b77
9191,9192,Gabe Ruediger,ccba80d4820ef557
906,907,Gabriel Benitez,436f970c9ea9169c
5980,5981,Gabriel Gonzaga,270b89c00ef0c55c
1611,1612,Gabriel Silva,002ca196477ce572
1878,1879,Gadzhimurad Antigulov,af997f7611673880
179,180,Gaetano Pirrello,8765559b6a29a421
3137,3138,Galore Bofando,8a56ea383fd26e52
11322,11323,Gan McGee,d90b630e0561818b
7183,7184,Garett Whiteley,129537073431e52e
3880,3881,Garreth McLellan,f215cfbd4ba3c270
11857,11858,Gary Goodridge,fbbde91f7bc2d3c5
6889,6890,Gasan Umalatov,7a39bbac8cc0fa70
1582,1583,Gavin Tucker,da816417a579a0bd
5319,5320,Geane Herrera,c169545ab0825f44
7542,7543,Gegard Mousasi,232c582f29f8f65e
11305,11306,Genki Sudo,99dd0147dc4ef80c
2494,2495,Geoff Neal,b997be68943010fc
8547,8548,George Roop,3c0437fbeda06962
9062,9063,George Sotiropoulos,896c322f56b8be5a
4944,4945,George Sullivan,6c7e25571490aa3b
8826,8827,Georges St-Pierre,6506c1d34da9c013
9492,9493,Gerald Harris,c4b81cdecd5d6abe
837,838,Gerald Meerschaert,6ac9bc2953c47345
11273,11274,Gerald Strebendt,04f9fe830cf13482
1538,1539,Geraldo de Freitas,9cfbfae5fa1fdd93
1616,1617,Germaine de Randamie,1d239d571e342453
11937,11938,Gerry Harris,30cd319d39ee689b
11943,11944,Geza Kalman,304fcd812f12c589
2036,2037,Gian Villante,fcd448a2fe1a23cc
11093,11094,Gideon Ray,ea3ef6206c7907d5
442,443,Giga Chikadze,9560ff14eb3129f7
11331,11332,Gil Castillo,31ceaf0e670c1578
10863,10864,Gilbert Aldana,d26934530dc5b248
6381,6382,Gilbert Burns,23024fdfc966410a
1650,1651,Gilbert Melendez,aa5b4eff51bdc7d1
7527,7528,Gilbert Smith,54ed8dc6f8c31207
9505,9506,Gilbert Yvel,d29b5c4f22c6357d
3218,3219,Gillian Robertson,38c7f72747f4f712
819,820,Gina Mazany,016a8d958883167c
5338,5339,Glaico Franca Moreira,00a3ff40c4b2cf21
8046,8047,Gleison Tibau,75e5fec9f72910ef
22,23,Gloria de Paula,5dd180c8b3196786
335,336,Glover Teixeira,7ff97850e8c32bda
8058,8059,Godofredo Pepey,fa37628269132d1a
2642,2643,Gokhan Saki,4690d47bf725fd98
9257,9258,Goran Reljic,132f860d02953f4c
1998,1999,Grant Dawson,99bd51917728c25d
7428,7429,Gray Maynard,7d96bc577e5178b2
2132,2133,Greg Hardy,85073dbd1be65ed9
9411,9412,Greg Soto,9c669abd35b2522f
11759,11760,Greg Stott,91181b29be041f1c
2734,2735,Gregor Gillespie,84ff027394f7e470
1733,1734,Grigory Popov,d3fa5c5955397532
5626,5627,Guangyou Ning,2c1170b825f58e57
979,980,Guido Cannetti,d05412b513b19621
6467,6468,Guilherme Vasconcelos,d6d5da3c209884bc
3546,3547,Gunnar Nelson,fd55393021a8c255
411,412,Guram Kutateladze,7772b283d288dbe2
352,353,Gustavo Lopez,93b62c5f2ba18e51
6119,6120,Guto Inocente,e7fe5315b1efeb92
11794,11795,Guy Mezger,946f341df6472ee0
7454,7455,Hacran Dias,ed209f6618c82e41
478,479,Hakeem Dawodu,2c9d00968f818270
857,858,Hannah Cifers,2244d9a2b64b8c3b
1567,1568,Hannah Goldy,26e3f3928b1891d9
5399,5400,Hans Stringer,523f6ad11dbe9b53
11935,11936,Harold Howard,a2b06ca02bca14c0
11717,11718,Harry Moskowitz,4dc496aa0cfc0d95
6496,6497,Hatsu Hioki,ef7fa30364cbe7f2
11405,11406,Hayato Sakurai,85e26e2468b4e82f
5026,5027,Hayder Hassan,cf615eb4b7862c76
11961,11962,He-Man Gipson,3e03cec9767d37e6
10677,10678,Heath Herring,7450525c7ba032a0
6011,6012,Heather Clark,dd4c16777fb2ccf9
1345,1346,Hector Aldana,c487223b0289bda9
4639,4640,Hector Lombard,db1f2ed63b54b9a7
10533,10534,Hector Ramirez,d1759b2b7be9be56
3782,3783,Hector Sandoval,449c890bd90f3374
6075,6076,Hector Urbina,4b8fb0453a596b8e
1148,1149,Heili Alateng,1897b7b913736a7c
4653,4654,Henrique da Silva,b0bd0c5425668b8f
5471,5472,Henry Briones,01fcef7e3d051722
2130,2131,Henry Cejudo,056c493bbd76a918
8345,8346,Henry Martinez,76729a829623e266
602,603,Herbert Burns,4f140403000158b5
10858,10859,Hermes Franca,e0ec3c3b6b611f7e
6689,6690,Hernani Perpetuo,575360be653ad6a6
5412,5413,Holly Holm,634e2fb70bde3fd5
11443,11444,Homer Moore,e56df3c1d8b4b1cc
4461,4462,Horacio Gutierrez,cd85b48dc880fabd
9543,9544,Houston Alexander,0541480fbf719d86
11761,11762,Houston Dorr,312f47c3d2f83ffa
3243,3244,Hu Yaozong,f1175ea3aafbf351
11709,11710,Hugo Duarte,706404da0775dcbc
8069,8070,Hugo Viana,f95381efb3051d81
2322,2323,Humberto Bandenay,2c2caf2f2bab9df5
6083,6084,Humberto Brown Morrison,e9e7e1c8ff289e1b
908,909,Hunter Azure,2af2f2e26c4c0402
4424,4425,Hyun Gyu Lim,203c957eac95dd87
4792,4793,Ian Entwistle,d7adfcfdf7c6c1f8
11550,11551,Ian Freeman,b4bc2e3353a770b5
2313,2314,Ian Heinisch,2e585c701f72fe55
8669,8670,Ian Loveland,eea0274e153256a0
6391,6392,Ian McCall,701e057d63c124d9
10971,10972,Icho Larenas,49efbdc6c9f650c4
6258,6259,Igor Araujo,dbea8c1cb327ab3d
9035,9036,Igor Pokrajac,53278852bcd91e11
11721,11722,Igor Zinoviev,108afe61a26bcbf4
590,591,Ike Villanueva,f9d0cae37dabfafc
11580,11581,Ikuhisa Minowa,ce6065baef021cf3
7176,7177,Ildemar Alcantara,7c6e87729e824ef4
268,269,Ilia Topuria,54f64b5e283b0ce7
7323,7324,Iliarde Santos,14aa21bc82cac57d
6394,6395,Ilir Latifi,e9a3aeb207578eea
567,568,Impa Kasanganay,257b0c8d6f199895
1481,1482,Inoue Mizuki,43a59ce3bb40449e
4118,4119,Ion Cutelaba,cd13728ae1151f46
3833,3834,Irene Aldana,578ef12674df1e6a
517,518,Irwin Rivera,06a80a685ea98573
7679,7680,Isaac Vallie-Flagg,c295de4e10acd4c9
1221,1222,Isabela de Padua,e0f959f65d0406b4
2569,2570,Islam Makhachev,275aca31f61ba28c
1660,1661,Ismail Naurdiev,6a96ad1bc34fb113
3003,3004,Israel Adesanya,1338e2c7480bdf9e
8309,8310,Issei Tamura,57bf89d42364d39e
4271,4272,Iuri Alcantara,2f95a3c6d58b2aad
5389,5390,Ivan Jorge,19db7ac26308178f
8042,8043,Ivan Menjivar,5755960ebd0b16f6
11176,11177,Ivan Salaverry,394f55ebca199124
9943,9944,Ivan Serati,b23fca14c7b79935
5720,5721,Izabela Badurek,4fcf6e0c4e0e6664
4503,4504,JC Cottrell,3ec1e4ba98c9c85a
1348,1349,JJ Aldrich,6fd953151d981979
6844,6845,Jacare Souza,7a703c565ccaa18f
1911,1912,Jack Hermansson,0a1942069c9ad6b6
4195,4196,Jack Marshman,045f25b3a4c08e81
6695,6696,Jack May,2c6e81426dd7573c
11963,11964,Jack McGlaughlin,237187ed9f419285
11796,11797,Jack Nilson,53e533db1b8e9712
1396,1397,Jack Shore,b8a85389d115e35a
11817,11818,Jackie Lee,4985113c0928aa62
1191,1192,Jacob Kilburn,637bd06c32219f0b
382,383,Jacob Malkoun,d4270315cbcf2569
7676,7677,Jacob Volkmann,6f81b6de2557739a
673,674,Jai Herbert,4c88a1db5a46c6a4
601,602,Jairzinho Rozenstruik,2cd428e9606856fd
5107,5108,Jake Collier,92fa1401b7927da3
6068,6069,Jake Ellenberger,d81ac739417d7f53
8281,8282,Jake Hecht,e57fdbea1b828202
5790,5791,Jake Lindsey,33e00249ef08d3a4
3250,3251,Jake Matthews,a845f0735bc67405
10842,10843,Jake O'Brien,20bcc9966affb19c
9897,9898,Jake Rosholt,4f2fcbefb668689d
7952,7953,Jake Shields,fe435e440b5de0ff
1892,1893,Jalin Turner,4d8fa64202cee4c1
259,260,Jamahal Hill,5444c5a201d3ee5a
654,655,Jamall Emmers,e00a3dee329a51f7
3591,3592,James Bochnovic,984d15d5dc7bfcf9
10143,10144,James Giboo,f74e037b97917027
9281,9282,James Hammortree,1f77fce698e80488
7274,7275,James Head,19a8cce18a1cef9e
10740,10741,James Irvin,a7f4d0902bb64092
3090,3091,James Krause,8f6a18831a120817
10345,10346,James Lee,863d06a7ef8bc98c
9136,9137,James McSweeney,cac08b8685387ca5
5417,5418,James Moontasri,c06a9b48d4132c8e
3556,3557,James Mulheron,8d5350fa18b79e9a
8272,8273,James Te Huna,f5431394fb284bb9
9183,9184,James Toney,d10b35152277cf98
1596,1597,James Vick,6256b2b1562cb8e1
9736,9737,James Wilks,852454c572675334
11367,11368,James Zikic,4b4fc3ddc307bc73
341,342,Jamey Simmons,f0fad0e9f3b65752
4131,4132,Jamie Moyle,882d62561063a927
1365,1366,Jamie Mullarkey,af9f42e6894047fc
231,232,Jamie Pickett,830f60497fab345a
8157,8158,Jamie Varner,a54fc2d6fc224dc3
9272,9273,Jamie Yager,85248da6e9e2f7e7
2458,2459,Jan Blachowicz,99df7d0a2a08a8a8
1373,1374,Jared Cannonier,13a0275fa13c4d26
311,312,Jared Gooden,c730a0be691dc081
1205,1206,Jared Gordon,7026eca45f65377b
9597,9598,Jared Hamman,23459ee7e373b98f
8375,8376,Jared Papazian,edad57b3dddf2168
10373,10374,Jared Rollins,c4b6099f0d25f75e
6048,6049,Jared Rosholt,91ea901c458e95dd
97,98,Jared Vanderaa,2b68d9f125d07b42
4392,4393,Jarjis Danho,8614b7134913f5d5
2754,2755,Jarred Brooks,81d9df19e255b8b6
10421,10422,Jason Black,b2f743746e8dcfa2
9433,9434,Jason Brilz,497ba5b12a4bfc47
9859,9860,Jason Day,a6fd2173d5e2d7f0
12032,12033,Jason DeLucia,6ceff86fae4f6b3b
10805,10806,Jason Dent,fa8b9e6b0c2269f8
11999,12000,Jason Fairn,adea9f0090aa8e14
10509,10510,Jason Gilliam,91720876db0ee468
11669,11670,Jason Godsey,5ca158b1cc9cb242
3992,3993,Jason Gonzalez,e45cfa47f504033a
6541,6542,Jason High,e5d03e4d966126bd
3507,3508,Jason Knight,bb1a2cdad6ff34db
10201,10202,Jason Lambert,5be86bb2f78fef2f
8844,8845,Jason MacDonald,2be6596a9db33bf5
8158,8159,Jason Miller,b2f88c04c4dd43ce
4257,4258,Jason Novelli,459e4dc69ec669b2
8693,8694,Jason Reinhardt,02500fb9fd79a974
4848,4849,Jason Saggo,4ac1ecf8ce59ef23
10541,10542,Jason Tan,ad3041e61896b975
11139,11140,Jason Thacker,f0264252e191da22
10841,10842,Jason Von Flue,c4b9296214f4c09c
769,770,Jason Witt,5f3805dda9661cba
8779,8780,Jason Young,f59e9e49ef85b469
8749,8750,Javier Vazquez,be5cfd73617a5b1a
2660,2661,Jay Cucciniello,683ea28a198936fe
7675,7676,Jay Hieron,5bb0a618ad03ac64
9661,9662,Jay Silva,53bb0d40905b87c0
10267,10268,Jeff Cox,c9bbf1a0285a8076
8188,8189,Jeff Curran,a8ea84cbe1655f0a
8175,8176,Jeff Hougland,97a8f39186f489db
489,490,Jeff Hughes,6a11e325aa60ad02
10711,10712,Jeff Joslin,388abbf8832b5adf
10729,10730,Jeff Monson,cbfd1d34356a004c
11017,11018,Jeff Newton,94609dd91731d428
3266,3267,Jenel Lausa,ec664422b22d9787
645,646,Jennifer Maia,8e1f36476ef02a6a
10513,10514,Jens Pulver,44260175069b6276
11544,11545,Jeremy Horn,8d26912cd2aeb366
11275,11276,Jeremy Jackson,ad32471f01e7b1a5
4416,4417,Jeremy Kennedy,68f6e96c5fa6e044
2604,2605,Jeremy Kimball,917a5cb9821df261
7160,7161,Jeremy Larsen,c3bd649a9194e50c
8998,8999,Jeremy Stephens,18968f97ad34f15c
11587,11588,Jermaine Andre,9bad58fa651d6196
141,142,Jerome Rivera,c9587d81e1d33925
6425,6426,Jerrod Sanders,12f1b140e248bdb9
11804,11805,Jerry Bohlander,93892752c5fc23ca
10203,10204,Jess Liaudin,a8aba6fd8a463043
6664,6665,Jessamyn Duke,a7ddae0be8b78147
8772,8773,Jesse Bongfeldt,934de214814b8ff4
9495,9496,Jesse Forbes,947eccadb72f4f6f
9305,9306,Jesse Lennox,3ae10ac4df3df05c
6438,6439,Jesse Ronson,5580771f383e141f
9837,9838,Jesse Sanders,59aaf2730b84698a
10135,10136,Jesse Taylor,dd992d569aaebee6
3752,3753,Jessica Aguilar,8f382b3baa954d2a
3737,3738,Jessica Andrade,6a1901c62ab3870f
804,805,Jessica Eye,f72465a784c1b084
5495,5496,Jessica Penne,c742287ed86a09bc
7025,7026,Jessica Rakoczy,ffdeb4fbea09ce75
3247,3248,Jessica-Rose Clark,6c8072b61c276e67
2403,2404,Jessin Ayari,6eaec40f724852f4
2327,2328,Jesus Pinedo,25af5e832f17b474
2266,2267,Ji Yeon Kim,a20f234df70f2182
6329,6330,Jianping Yang,d3c554d6e11fc9d6
5023,5024,Jim Alers,fe5a9547479396ab
9636,9637,Jim Miller,d1941565abf50b16
11809,11810,Jim Mullen,1a49e0670dfaca31
3707,3708,Jim Wallhead,0c670b443c3d269f
6787,6788,Jimi Manuwa,1e1dbd1cc5a7469e
5195,5196,Jimmie Rivera,9c907996820d2d69
404,405,Jimmy Crute,70e1f8a821b72c8b
232,233,Jimmy Flick,09e62c450e754913
7533,7534,Jimmy Quinlan,ddbe4fa2ea573393
7134,7135,Jimy Hettes,893d51aaf024eddd
2467,2468,Jin Soo Son,7c9c6a884be167fe
777,778,Jinh Yu Frey,d05cb1e8d1b885d8
745,746,Jiri Prochazka,009341ed974bad72
3620,3621,Joachim Christensen,2d447cc91bdaa545
4216,4217,Joanna Jedrzejczyk,3d6749c4267da18f
5390,5391,Joanne Calderwood,12f91bfa8f1f723b
11383,11384,Joao Pierini,9a967e8e43dcef63
11567,11568,Joao Roque,0f6528b461e47462
7453,7454,Joao Zeferino,be4076c9e8d791e3
3727,3728,Joaquim Silva,ae7fe94f117f98cf
631,632,Joaquin Buckley,b9437600497350f3
2353,2354,Joby Sanchez,b12fc8a41e82d3a2
4010,4011,Jocelyn Jones-Lybarger,1a98c9dbb7fc3959
2633,2634,Jodie Esquibel,411539901068522f
9557,9558,Joe Brammer,013da757877044a2
11741,11742,Joe Charles,19ffeb5e3fffd6d5
11183,11184,Joe Doerksen,dbaaf42313af90fa
3307,3308,Joe Duffy,654ae722109a0d31
6480,6481,Joe Ellenberger,8e8e4487c621aa1c
2659,2660,Joe Giannetti,946db8a378903cc3
10859,10860,Joe Jordan,712c4db78b9373d1
3766,3767,Joe Lauzon,3bad7ef643840f67
5487,5488,Joe Merritt,e82d5f54daa85a7e
11899,11900,Joe Moreira,df85d6ec3493d120
11711,11712,Joe Pardo,74fefd43f073cd2f
3781,3782,Joe Proctor,a36556bb1565e32d
5986,5987,Joe Riggs,d512d9f204059f57
11581,11582,Joe Slick,80e6d71e14c1d356
583,584,Joe Solecki,af65aa688d13eedf
11995,11996,Joe Son,83b743fedde154fb
6285,6286,Joe Soto,a4e85a58fbce64b2
10943,10944,Joe Stevenson,79899ecf62020f6d
10075,10076,Joe Vedepo,d35c3ed553b71fa2
10453,10454,Joe Veres,c6d8ae3b016d5ad5
2057,2058,Joel Alvarez,58bbef3770bb2dfc
11942,11943,Joel Sutton,a6a9ab5a824e8f66
8366,8367,Joey Beltran,46baf0f57edfa4df
7875,7876,Joey Gambino,10559c53de0b950e
11493,11494,Joey Gilbert,6bb1d2b714d4b3bc
4351,4352,Joey Gomez,0778f94eb5d588a5
11671,11672,Joey Roberts,c058823a2595ab09
8142,8143,John Albert,7bd94b60d7521e4a
8227,8228,John Alessio,7a15f3694c5cbc02
1627,1628,John Allan,6ebe96a116e79e52
11861,11862,John Campetella,31bbd46d57dfbcb7
89,90,John Castaneda,5fa2974cbd18e05c
8209,8210,John Cholish,03c9994c5b8958ec
8133,8134,John Cofer,8b260672a21d1fd6
604,605,John Dodson,99506df1af6c8b3b
11981,11982,John Dowdy,e780ccc79a209985
9515,9516,John Gunderson,a0c139b34f11421a
2672,2673,John Gunther,3956bdc8ab2e54b3
10293,10294,John Halverson,88c8f47241d90040
8862,8863,John Hathaway,28f3c2258a1d8874
9554,9555,John Howard,fc31f896cde2bc2e
10381,10382,John Kolosci,5f6038bcdb95e3e4
11624,11625,John Lewis,4a01dc8376736ef5
1842,1843,John Lineker,c268b2cfebccf652
11687,11688,John Lober,31652c9267606d54
7911,7912,John Maguire,1a7745388839e52b
7584,7585,John Makdessi,c21a036b4e012f1c
11129,11130,John Marsh,b6b12014698cc345
11959,11960,John Matua,c933d423ebdbbbdb
5984,5985,John Moraga,92437c6775b3f7d1
722,723,John Phillips,e9ac7bfb65c25497
9985,9986,John Polakowski,b18fb36a4aa00093
9349,9350,John Salter,010986ee359fb863
8068,8069,John Teixeira,86061eaba822bfea
6737,6738,Johnny Bedford,ffc3e6daaa6da0b7
4809,4810,Johnny Case,1f4b04a926ef1287
8663,8664,Johnny Eduardo,528c24b99fbaab79
652,653,Johnny Munoz,f6bcbd91b114ff58
10141,10142,Johnny Rees,3ba3b5cc94498437
12021,12022,Johnny Rhodes,319fa1bd3176bded
1261,1262,Johnny Walker,c21f26bbde777573
9530,9531,Johny Hendricks,0941df56f6ac954b
6231,6232,Jon Delos Reyes,0d0351c20169a499
7668,7669,Jon Fitch,6f018c039b4d5d80
11978,11979,Jon Hess,32a3025d5db456ae
3497,3498,Jon Jones,07f72a2a7591b409
8858,8859,Jon Madsen,7691a80e6ca3e55b
7634,7635,Jon Manley,a0602dd050bebefc
8767,8768,Jon Olav Einemo,0577808d22dfe79c
5621,5622,Jon Tuck,53ec9cb470e1a4ea
7759,7760,Jonathan Brookins,b0a6124751a56bc4
11064,11065,Jonathan Goulet,fb1538b46877a695
409,410,Jonathan Martinez,f2477cf43c4975cc
4629,4630,Jonathan Meunier,5823ceab56741617
282,283,Jonathan Pearce,87c0b1c696ddfb43
11224,11225,Jonathan Wiezorek,60884f31ead1609c
4652,4653,Jonathan Wilson,cd01f0b768a32475
5643,5644,Jonavin Webb,f40ec51dd4de47c3
1082,1083,Jordan Espinosa,215a70f073a7b726
778,779,Jordan Griffin,ebef46976554f975
2940,2941,Jordan Johnson,99bcdf5eac39898f
265,266,Jordan Leavitt,ac026518a9b4dc0f
3586,3587,Jordan Mein,2aa49b3766a59bcd
10363,10364,Jordan Radev,45bc8f98d62bd096
4673,4674,Jordan Rinaldi,c07efc18b231f170
462,463,Jordan Williams,e26bd53b751d61d9
305,306,Jordan Wright,c878270af633eb11
10873,10874,Jorge Gurgel,04d5718ed2661e8c
8171,8172,Jorge Lopez,ee624ee2a18f2a43
6371,6372,Jorge Masvidal,47b9e0e7703a4868
11675,11676,Jorge Patino,c8cca8f3de5be4b4
8923,8924,Jorge Rivera,cb46dface0e28a2c
10719,10720,Jorge Santiago,f8dc544e7077d014
6095,6096,Jorge de Oliveira,ddf3e0ea10ea6d8c
2106,2107,Jose Aldo,d0f3959b4a9747e6
7315,7316,Jose Maria,b35ba64b6a2bbcb3
969,970,Jose Quinonez,36549928f90f1d36
2551,2552,Jose Torres,d2036f31c035e0d1
133,134,Joselyne Edwards,f9ab66e67240db7b
7508,7509,Joseph Benavidez,80eacd4da0617c57
4100,4101,Joseph Gigliotti,83825fad27ab3581
3035,3036,Joseph Morales,2fe9032955c2e013
8601,8602,Joseph Sandoval,696002b59f09d73b
11468,11469,Josh Barnett,ad3f53c454cbbead
9278,9279,Josh Bryant,01f022fa494188e2
7325,7326,Josh Clopton,48e96d9cea6d4ab0
6055,6056,Josh Copeland,3aa794cbe1e3484b
1017,1018,Josh Culibao,6751eacd16bd59bc
1912,1913,Josh Emmett,fba03cd6cc28dc41
8025,8026,Josh Ferguson,b0f316c60f8d3b47
7980,7981,Josh Grispi,60ba33c3f555a7a3
10887,10888,Josh Haynes,6ef58dabef8beb15
10013,10014,Josh Hendricks,7649c4c95b824488
10027,10028,Josh Koscheck,dd37fd509af89f15
11097,11098,Josh Neer,d1a1314976c50bef
276,277,Josh Parisian,b5da8f7d05e85a55
11147,11148,Josh Rafferty,ff2c606c8bc365e3
5018,5019,Josh Samman,9deff9e3e8d94d47
5607,5608,Josh Sampo,f65dcb22dada2223
5837,5838,Josh Shockley,1d36f1ac66cf689d
10743,10744,Josh Shockman,821cd80aab70d5f9
4134,4135,Josh Stansbury,30ea504870f8597b
11735,11736,Josh Stuart,601cf40c09090853
5410,5411,Josh Thomson,a566371ba2ad7152
5937,5938,Joshua Burkman,6da99156486ed6c2
1677,1678,Journey Newson,78f485f851891d68
2205,2206,Juan Adams,83b00f7597e5ac83
2258,2259,Juan Espino,ccf5dc41417e9daf
6064,6065,Juan Manuel Puig,85d0fafb8b75d634
9979,9980,Jules Bruchez,d1dcd4e96464a53d
532,533,Julia Avila,86d9dbe1bfcbade7
1785,1786,Julian Erosa,902ec2cc48c8ae8a
107,108,Julian Marquez,d0e1b42d41dab603
11849,11850,Julian Sanchez,c6da1c24fe473418
6096,6097,Juliana Lima,75a6a390fd5dca46
5227,5228,Julianna Pena,3253b16d38ae087d
7348,7349,Julie Kedzie,981ab7a0576f76a0
2274,2275,Julija Stoliarenko,a78a87d8c2bbb1cb
2740,2741,Julio Arce,1291edf2d566a71a
9157,9158,Julio Paulino,60c72f7459827881
6128,6129,Jumabieke Tuerxun,1ed32eaaba9ffe10
9831,9832,Junie Browning,d74cba8566291bfa
3541,3542,Junior Albini,c482c8605455a213
8616,8617,Junior Assuncao,d0d7160824278840
8761,8762,Junior Dos Santos,63def5a5662a6917
1482,1483,Junyong Park,285ae0b4a68221f4
6354,6355,Jussier Formiga,b102c26727306ab6
9767,9768,Justin Buchholz,231926533134ec1f
7889,7890,Justin Edwards,e56daf7725a0b5ab
11188,11189,Justin Eilers,27fc9218a3653e3c
2259,2260,Justin Frazier,78863e4a28204a6b
2853,2854,Justin Gaethje,9e8f6c728eb01124
10773,10774,Justin James,1ea8df62b3f8fea6
637,638,Justin Jaynes,304a21d0595e1a08
6035,6036,Justin Jones,9b75954db8db2a08
7956,7957,Justin Lawrence,879f6cae48d25baa
373,374,Justin Ledet,ba1e6cb3d43f7430
10883,10884,Justin Levens,8c3f3c43c8ceb778
11814,11815,Justin Martin,3da19339ee7051d5
9683,9684,Justin McCully,75f871836d41f90f
7351,7352,Justin Salas,9b198c73e3d0d289
5606,5607,Justin Scoggins,9fa568ad2bf2cb0b
1358,1359,Justin Tafa,e13abac8089a801a
1937,1938,Justin Willis,ce1e867808ef5fce
9551,9552,Justin Wren,e78f601035d677f2
1092,1093,Justine Kish,928ae2e5b5f7a9ec
11458,11459,Jutaro Nakao,95eb112a85601a0a
435,436,KB Bhullar,9cd047a828dd7515
5566,5567,KJ Noons,b7ffa72aa148599a
616,617,Kai Kamaka,eee0ef3e2b14816b
2251,2252,Kai Kara-France,853eb0dd5c0e2149
5651,5652,Kailin Curran,05b43e0ead3df345
5623,5624,Kajan Johnson,633a45d131192ffe
10771,10772,Kalib Starnes,c8136ab8aa32c974
3371,3372,Kalindra Faria,27b164b0d1833df0
8879,8880,Kamal Shalorus,ece280745f8727b8
3414,3415,Kamaru Usman,f1b2aa7853d1ed6e
327,328,Kanako Murata,e0b0cf71e0d69dd0
3214,3215,Karine Gevorgyan,2db0c114414d4f06
2141,2142,Karl Roberson,37d5b176d438d2a5
8685,8686,Karlos Vemola,d23ccf4a6c221284
10712,10713,Karo Parisyan,349aaa3da11eb587
756,757,Karol Rosa,351c4ec637380ad5
4716,4717,Karolina Kowalkiewicz,d7c3816669784109
1057,1058,Katlyn Chookagian,e872e9a9a902c045
11603,11604,Katsuhisa Fujii,d71d968dc6ecfdaf
5761,5762,Katsunori Kikuno,44470bfd9483c7ad
776,777,Kay Hansen,4100c7a09497ad41
10429,10430,Kazuhiro Nakamura,b034747dc1d15491
6240,6241,Kazuki Tokudome,c4af2feb4b58bc3b
1035,1036,Kazula Vargas,ec18eb918121787c
11738,11739,Kazushi Sakuraba,9b5b5a75523728f3
11049,11050,Keigo Kunihara,782a2a17d3e38fdf
11607,11608,Keiichiro Yamamiya,6014d25e73b669c9
10723,10724,Keita Nakamura,65ddc8a9ac4e8531
4108,4109,Keith Berish,e3779ef06e98f185
11994,11995,Keith Hackney,bf12aca029bfcc47
9441,9442,Keith Jardine,b9d0fd83bb8a147a
11903,11904,Keith Mielke,f62850b3c7480db9
11431,11432,Keith Rockel,c75b99887c8c3f5a
8599,8600,Keith Wisniewski,cd12227edd3f134b
11413,11414,Kelly Dullanty,1a225f04aa6e0739
4901,4902,Kelly Faszholz,9c42a0de8e012870
1884,1885,Kelvin Gastelum,8c0580d4fff106c1
11196,11197,Ken Shamrock,63b65af1c5cb02cb
8098,8099,Ken Stone,fbf0947399d14323
9699,9700,Kendall Grove,234f3767ff0e5701
11515,11516,Kenichi Yamamoto,9f488f520ed25bbf
1916,1917,Kennedy Nzechukwu,8667caa0451d245b
9522,9523,Kenny Florian,cb139171ed1b69fe
5372,5373,Kenny Robertson,6e0273f9478be71e
11035,11036,Kerry Schall,030f08370fd1c2bb
3809,3810,Ketlen Vieira,b9706f80d005036c
809,810,Kevin Aguilar,cf946e03ba2e7666
9739,9740,Kevin Burns,a6d8bfe9e0c8153b
5087,5088,Kevin Casey,8d9586726252dbf7
535,536,Kevin Croom,35b3772629e27a49
9334,9335,Kevin Ferguson,27541033b97c076d
1696,1697,Kevin Holland,3a46b268013afede
11727,11728,Kevin Jackson,13b2f59210dda9cc
11009,11010,Kevin Jordan,02e52b3a595f0786
4579,4580,Kevin Lee,ee9ebceabfd16fa7
375,376,Kevin Natividad,0c258d1d8e16e5f1
11527,11528,Kevin Randleman,6859f67468ba8489
12003,12004,Kevin Rosier,598a58db87b890ee
376,377,Khabib Nurmagomedov,032cc3922d871c7f
699,700,Khadis Ibragimov,c3218c810959d279
2464,2465,Khalid Murtazaliev,231cae8b77fbbcc1
339,340,Khalid Taha,b4537562f88ac582
4144,4145,Khalil Rountree Jr.,749f572d1d3161fb
1505,1506,Khama Worthy,78e501478a36a018
496,497,Khamzat Chimaev,767755fd74662dbf
319,320,Khaos Williams,2558ae2e5671e318
6228,6229,Kiichi Kunimoto,71df36d6d8cf0d74
12009,12010,Kimo Leopoldo,08ae5cd9aef7ddd3
11029,11030,Kit Cope,ce47f49e5c386a9c
1235,1236,Klidson Abreu,7279654c7674cd24
11877,11878,Koji Kitao,2a6f8136da1e52c0
11583,11584,Koji Oishi,01daf32100ed7517
5067,5068,Konstantin Erokhin,22061ff217907c78
8863,8864,Kris McCray,baed16f18348908e
10881,10882,Kristian Rothaermel,af49a6c491ca22a3
10843,10844,Kristof Midoux,5b5b9c6f6f270369
1325,1326,Kron Gracie,242d36d241b43c12
1577,1578,Krzysztof Jotko,4e06913c91da5200
9248,9249,Krzysztof Soszynski,59583ff832fe9d68
10765,10766,Kuniyoshi Hironaka,9d4522df6fc49a47
1799,1800,Kurt Holobaugh,a7151778b3381036
9396,9397,Kurt Pellegrino,aa1952ec0b3dd8e1
3658,3659,Kwan Ho Kwak,c13042265355a290
2887,2888,Kyle Bochniak,c5af5750e8bae4f0
9792,9793,Kyle Bradley,a6959da32f0e6b5d
767,768,Kyle Daukaus,d6c0cdd7e467c440
8483,8484,Kyle Kingsbury,b959e8c7fd8390d2
1828,1829,Kyle Nelson,31f8081c7600da93
4140,4141,Kyle Noke,7339d340aa2889cb
1444,1445,Kyle Prepolec,873626e5547b5235
1589,1590,Kyle Stewart,bb61823f76361297
9047,9048,Kyle Watson,d7b2c0b53883ee80
39,40,Kyler Phillips,60425d07ef4b91a7
5657,5658,Kyoji Horiguchi,98aa60cf58071fd6
7611,7612,Kyung Ho Kang,a7897d200692ab64
7939,7940,Lance Benoist,5431dccc09118234
11521,11522,Lance Gibson,63eedfcc73071d41
1395,1396,Lando Vannata,f9b200db02b488d9
135,136,Lara Procopio,e99821959a840bb8
5792,5793,Larissa Pacheco,16b89be2f5c16fba
11931,11932,Larry Cureton,46f11d15c0134fe3
1793,1794,Laureano Staropoli,a12a8314adc1c1c9
2293,2294,Lauren Mueller,f923e012414c883e
1066,1067,Lauren Murphy,729d4bd5a6cd0a97
8153,8154,Lavar Johnson,e6c5908910cc26e4
11547,11548,Laverne Clark,1c2f2571b18791b6
2275,2276,Leah Letson,8cb78f3a6c2a08f7
6441,6442,Leandro Issa,d1e1fdcea7c8a90a
5488,5489,Leandro Silva,159da492e000afbf
11236,11237,Lee Murray,32016899d0a222a3
11365,11366,Leigh Remedios,918db42c3637916f
5605,5606,Leo Kuntz,6905d45bd71b50a9
0,1,Leon Edwards,f1fac969a1d70b08
10607,10608,Leonard Garcia,917e53fa0adea0d3
4895,4896,Leonardo Guimaraes,cc98d857b148e33a
5395,5396,Leonardo Mafra,8bbc0cfc01bc1ba1
6077,6078,Leonardo Morales,45230be0641f3f53
750,751,Leonardo Santos,9c65736747ca92ec
174,175,Lerone Murphy,396fe87b84ac2e1c
4687,4688,Leslie Smith,76984112f697631f
5619,5620,Levan Makashvili,938ad489fb7a1f31
5489,5490,Lewis Gonzalez,2ff2e6e5abea3e53
6161,6162,Li Jingliang,e64b96c07d7ce999
1460,1461,Liana Jojua,eebc23626e38f5dc
385,386,Liliya Shakirova,f300763147320d12
2422,2423,Lina Lansberg,2eeaefbfc7f9fcff
6009,6010,Lisa Ellis,77350fd0e6d1dba8
613,614,Livinha Souza,dab8cfbb6b1db10a
6673,6674,Liz Carmouche,51a0c09cbe9b8472
11143,11144,Lodune Sincaid,265589bdd93e7ce5
10724,10725,Logan Clark,6776260cb0aef647
464,465,Loma Lookboonmee,4e30e4250cb08b61
6627,6628,Lorenz Larkin,9450848a71d53776
314,315,Louis Cosce,afe8d5b39ff7fca2
8462,8463,Louis Gaudinot,b72a60a0cadff408
5473,5474,Louis Smolka,d2bc285ead803db0
11625,11626,Lowell Anderson,1ffc38f67785797b
4703,4704,Luan Chagas,9ccf8371fd80d45d
695,696,Luana Carolina,528b071cf3da7c56
4799,4800,Lucas Martins,7413b80dbb0f8f9f
2985,2986,Lucie Pudilova,3cf66c62d9069f43
9387,9388,Lucio Linhares,a780d16cf7eed44d
485,486,Ludovit Klein,5b86d491d63890c5
10555,10556,Luigi Fioravanti,9583662df31d943f
2453,2454,Luigi Vendramini,2f1a257d6777096d
4508,4509,Luis Henrique,e5bda12faabfc850
996,997,Luis Pena,2844b047183a1adb
8665,8666,Luis Ramos,7bc475b0fc2020ab
9810,9811,Luiz Cane,24b033b3daf1c9df
5584,5585,Luiz Dutra,2153a7f8396a46cc
5501,5502,Lukasz Sajewski,fb41432b622992a9
6796,6797,Luke Barnatt,172c2135e70f87b7
10401,10402,Luke Caudillo,68d76fd9ecf7431d
10448,10449,Luke Cummo,93ce4ac89e3d7652
1356,1357,Luke Jumeau,4c288a2b250bb576
6654,6655,Luke Rockhold,00e11b5c8b7bfeeb
3160,3161,Luke Sanders,96428b9e9bd048ea
6687,6688,Luke Zachrich,2284092f8b63273b
787,788,Lyman Good,4e0692ad070976e4
6451,6452,Lyoto Machida,f7a7f7118d4b01b6
8234,8235,Mac Danzig,86f582852a5b240a
8942,8943,Maciej Jewtuszko,6b5b9be990774f0e
8510,8511,Mackens Semerzier,51b1e2fd9872005b
500,501,Mackenzie Dern,7447e9f28508106a
1822,1823,Macy Chiasson,9cdd2da1a9104a0b
3102,3103,Mads Burnell,69f01b25dfabaf6b
6590,6591,Magnus Cedenblad,0e21976afc92e4d1
2913,2914,Magomed Ankalaev,d802174b0c0c1f4e
4199,4200,Magomed Mustafaev,31d7446b184e3305
3030,3031,Maia Stevenson,2fee10d5cf86bfca
9059,9060,Maiquel Falcao,d58478ded5534695
1454,1455,Mairbek Taisumov,8f5c8850b2484173
1198,1199,Makhmud Muradov,ea7e5bc78d9de658
566,567,Maki Pitolo,c549573c0df4d676
425,426,Makwan Amirkhani,87a1dc546b1c5caf
706,707,Malcolm Gordon,dee294e9717012c2
1197,1198,Mallory Martin,19b7738321cfae42
125,126,Manel Kape,5d1b7e3dd9e11074
2965,2966,Manny Bermudez,2dc1bc1a02961656
191,192,Manon Fiorot,34ff304266360297
7789,7790,Manuel Rodriguez,5a6e4d2f0c76a242
4179,4180,Manvel Gamburyan,cc6f9d1e89f3449a
1033,1034,Mara Romero Borella,82cbb809d5ee565c
3852,3853,Marc Diakiese,32c355b04fc57f3a
794,795,Marc-Andre Barriault,8e9eb3fc86db0f7d
3955,3956,Marcel Fortuna,d761b3766e38c5db
11565,11566,Marcelo Aguiar,44aa652b181bcf68
1865,1866,Marcelo Golm,ac29d508d78384c9
7612,7613,Marcelo Guimaraes,0c9c0a43d3f3f49d
11652,11653,Marcelo Mello,672ef06fd9f41f7d
15,16,Marcelo Rojo,2804ce8dadab5770
5722,5723,Marcin Bandel,5c2ce761399dc9c5
3732,3733,Marcin Held,bf43fed8f29e1671
2473,2474,Marcin Prachnio,6370c1c1e12723d5
2588,2589,Marcin Tybura,c9cf753cfdf77fc2
5065,5066,Marcin Wrzosek,aac6edb0d5e0b7e9
6560,6561,Marcio Alexandre Junior,d53482bef23235ba
10929,10930,Marcio Cruz,6aa1cbc1466e9a0b
3381,3382,Marco Beltran,ec71a892fada28c7
1410,1411,Marco Polo Reyes,edd02825c29028fe
11922,11923,Marco Ruas,597db668b01c442c
2085,2086,Marcos Mariano,72e5e5a6edfa8223
3763,3764,Marcos Rogerio de Lima,ab943cd2c3c17825
8072,8073,Marcos Vinicius,e363b21261814830
10041,10042,Marcus Aurelio,04643fd03d9159cc
12000,12001,Marcus Bossett,e8fb8e53bc2e29d6
7941,7942,Marcus Brimage,81801f57bd0a7c41
9569,9570,Marcus Davis,b7d524c77c27389b
9547,9548,Marcus Jones,8fa2b06572365321
8183,8184,Marcus LeVesseur,182f2b78582de3d8
11739,11740,Marcus Silveira,f717b6002486f73f
665,666,Marina Rodriguez,cd2c4d30c6e13b47
1612,1613,Mario Bautista,bc711b6dd95c1af6
9389,9390,Mario Miranda,df2bf09c99594848
10807,10808,Mario Neto,1209b5134401ca53
2619,2620,Marion Reneau,c7d297714d9ab1a4
814,815,Mariya Agapova,a08ddd04eaffd81d
10366,10367,Mark Bocek,cf9d24e4bd0cf2ce
11840,11841,Mark Coleman,21b8a0f5c231096f
1477,1478,Mark De La Rosa,f57dd0bfa8c17813
4819,4820,Mark Eddiva,40ff198adda94b9f
4203,4204,Mark Godbeer,ad56b3f00ca38dfd
11823,11824,Mark Hall,18524b46c570730b
9133,9134,Mark Holst,c11f50e9c1513ce9
8970,8971,Mark Hominick,0a97691039c4bbfb
11536,11537,Mark Hughes,d62bb4d84a7267ba
7595,7596,Mark Hunt,eef9b891edbd4604
11772,11773,Mark Kerr,a7b48e18ca27795d
970,971,Mark Madsen,da0995f19b749cfa
9686,9687,Mark Munoz,179f1948dc234f1f
11507,11508,Mark Robinson,4604ab1de9058474
9089,9090,Mark Scanlon,771b60ff889661c8
11878,11879,Mark Schultz,c1684f00c626f4c0
421,422,Mark Striegl,ef1182eb28c17d4e
11362,11363,Mark Weir,9ccdd2ce45903f34
2116,2117,Markus Perez,2ac4628c08ec5125
3697,3698,Marlon Moraes,fea79f9bc8c68769
3329,3330,Marlon Vera,7c7332319c14094c
1406,1407,Martin Bravo,9c44f290f5726d95
2299,2300,Martin Day,ea3dcc417c322064
8125,8126,Martin Kampmann,8b69839f3555a67b
4877,4878,Martin Svensson,bcad7223af3c19da
10177,10178,Marvin Eastman,05866d8c3a321856
1624,1625,Marvin Vettori,7acbb0972e75281a
5294,5295,Maryna Moroz,b4192a975027aab6
4991,4992,Masanori Kanehara,f3a078277b3b8ff4
4947,4948,Masio Fullen,4638cc6479cc0afe
187,188,Mason Jones,f6ad6a1e4d600e0d
11611,11612,Masutatsu Yano,d56caaa5e123f518
410,411,Mateusz Gamrot,72db2a14ffa73ece
3121,3122,Matheus Nicolau,1a31ef98efce7a79
5947,5948,Mats Nilsson,a9bcf8717dd12532
11881,11882,Matt Andersen,8738eacd62e82a32
10380,10381,Matt Arroyo,de62052b2ede65ba
3078,3079,Matt Bessette,0b8d512c79b4baf3
10095,10096,Matt Brown,31123249b0bbf52e
6173,6174,Matt Dwyer,8f0d576beba1cfcd
1330,1331,Matt Frevola,dccb63727f2f5f74
8113,8114,Matt Grice,bfc2fc38a0e20211
7930,7931,Matt Hamill,98b80a717b9bda17
6039,6040,Matt Hobar,b57edace7b647f07
10039,10040,Matt Horwich,049d698d773eb3e1
10794,10795,Matt Hughes,621a6c59f88a44fe
11246,11247,Matt Lindland,0e041d43a47d2e4b
8517,8518,Matt Lucas,668222c99c5c311d
8745,8746,Matt Mitrione,ba280572acfba13f
1193,1194,Matt Sayles,5b8ba8f5512893b1
2700,2701,Matt Schnell,67c1d46f4ed16f9e
11454,11455,Matt Serra,86dfed7cc24a9fa7
6431,6432,Matt Van Buren,7b39035fae7268b8
9367,9368,Matt Veach,5731cc327790b731
10915,10916,Matt Wiman,eb29176b03dfa888
4081,4082,Matthew Lopez,2fc7e9701642ca38
9593,9594,Matthew Riddle,d023ae89a2a4a41e
593,594,Matthew Semelsberger,4aa58269d0664b5b
2272,2273,Maurice Greene,068f8a189a47fea6
11529,11530,Maurice Smith,33e33d51f289d2a1
6088,6089,Mauricio Rua,140745cbbcb023ac
350,351,Max Griffin,b0d6a1d8ac3d563d
5284,5285,Max Holloway,150ff4cc642270b9
803,804,Max Rohskopf,59a27d2e6d0802ac
419,420,Maxim Grishin,950d0ef5c17157c5
6242,6243,Maximo Blanco,4a1329cc8eb0928a
100,101,Maycee Barber,6a740daf1b279661
61,62,Mayra Bueno Silva,cc8c623cca88f54f
29,30,Megan Anderson,a0e75f4a13eb73f1
4967,4968,Mehdi Baghdad,e4d2564ea0e34e2b
3207,3208,Melinda Fabian,8c020156779f7888
11993,11994,Melton Bowen,81ca2c245b19b3c5
8044,8045,Melvin Guillard,ccd1299e0345e0ce
1817,1818,Merab Dvalishvili,c03520b5c88ed6b4
9437,9438,Michael Bisping,2b93ebd9f5417ad2
145,146,Michael Chandler,4b93a88f3b1de35b
8126,8127,Michael Chiesa,c58f51dedb310998
4771,4772,Michael Graves,3f1d23b01c552a13
3592,3593,Michael Johnson,511e82663651438d
8347,8348,Michael Kuiper,b7f38813485745da
4371,4372,Michael McBride,443f60bec7c3c3d5
4990,4991,Michael McDonald,d0314416a7f26527
9863,9864,Michael Patt,83d0de122f2f9664
2658,2659,Michael Trizano,5bf31a46becc1204
1879,1880,Michal Oleksiejczuk,0d65c432720accb9
2273,2274,Michel Batista,34218661c44ed55d
216,217,Michel Pereira,595db60957de51d3
7461,7462,Michel Prazeres,e51fcd9cd84c0b93
3287,3288,Michel Quinones,5e84a859c6a82288
2412,2413,Michelle Waterson,eb04b9d31e938edb
10439,10440,Michihiro Omigawa,9f842be1a5337be6
5001,5002,Michinori Tanaka,64788ee44b062ded
5400,5401,Mickael Lebout,c575ab451e3c5b1d
3313,3314,Mickey Gall,9e50097a89442158
4220,4221,Miesha Tate,b96619b3acd7d9da
881,882,Miguel Baeza,82d4c957649faf9b
8952,8953,Miguel Torres,33b2f68ef95252e0
8712,8713,Mike Brown,e0b74df14f52cd15
9882,9883,Mike Ciesnolevicz,51b0bb73a1da34bc
1853,1854,Mike Davis,fb3e61720be4690c
8594,8595,Mike Easton,bc7230f231701d66
679,680,Mike Grundy,56fcb2c4d99f9d1b
9347,9348,Mike Guymon,eaea0fc7b76525a8
2715,2716,Mike Jackson,0641c21bec209472
6399,6400,Mike King,564c2f5f9eb45d67
11189,11190,Mike Kyle,56b8b24f65f9f057
8643,8644,Mike Lullo,e26882820f9e8df5
8214,8215,Mike Massenzio,5b2d7906aa894274
10900,10901,Mike Nickels,330ec26453c44a59
762,763,Mike Perry,f2b6fdb20675b11c
8711,8712,Mike Pierce,236a37d96d476164
7287,7288,Mike Pyle,f5990c11974d8e9c
6499,6500,Mike Rhodes,b7ad576b8ae115e6
7576,7577,Mike Ricci,3c921b1a30fdcbdd
6907,6908,Mike Rio,af90b10c785ced3e
581,582,Mike Rodriguez,18b602842a24f7c5
8061,8062,Mike Russow,353de740bb6c7e75
3466,3467,Mike Santiago,bc656db347f31e19
8641,8642,Mike Stumpf,c0c36a5b3d5bbdd5
9457,9458,Mike Swick,9fe85152f351e737
9959,9960,Mike Wessel,b51841e7c594090d
10989,10990,Mike Whitehead,22d1e00e1aabb7c9
7409,7410,Mike Wilkinson,cfaf010d5b389c09
5443,5444,Mike de la Torre,1971869b7e054261
11071,11072,Mike van Arsdale,2ee09ec2a0695eb9
11693,11694,Mikey Burnett,4c805f5f58a75df0
5733,5734,Milana Dudieva,072a10e85f7d4bff
1437,1438,Miles Johns,46e0d677f91bacc0
8075,8076,Milton Vieira,7cf20446453f852b
12031,12032,Minoki Ichihara,4565d435005319c0
321,322,Miranda Granger,7559395ad833c074
397,398,Miranda Maverick,f29a6350c69f4a33
9625,9626,Mirko Filipovic,c32fb8c0f6471a4d
1621,1622,Mirsad Bektic,cbd3e590a85b18c5
3131,3132,Misha Cirkunov,67f272324a030d00
7394,7395,Mitch Clarke,c76ec2bc3a57666a
5953,5954,Mitch Gagnon,b8592b4a383696cd
3675,3676,Mizuto Hirota,35faad160d346839
726,727,Modestas Bukauskas,476fe566d2df676e
718,719,Molly McCann,51018a31ddf31eb2
1032,1033,Montana De La Rosa,80d8aed0ca9b00f3
2545,2546,Montel Jackson,cc1a8b4b38b92c6d
9759,9760,Mostapha Al-Turk,1cf1310684a841f5
11773,11774,Moti Horenstein,baf942f4bcb09894
7853,7854,Motonobu Tezuka,d34636a85f0f4c90
721,722,Mounir Lazzez,49ee5024966efc0d
678,679,Movsar Evloev,76e2870ffafbe38f
11453,11454,Murilo Bustamante,85d905f7c4f5a1af
2862,2863,Muslim Salikhov,447f9858ae78f921
5931,5932,Myles Jury,08e908ed6d18d6a0
701,702,Nad Narimani,776a58a67665a171
2089,2090,Nadia Kassem,6e7506127408aa9e
7636,7637,Nah-Shon Burrell,2c64c035485906aa
8713,8714,Nam Phan,80dbeb1dd5b53e64
7208,7209,Nandor Guelmino,1abfb658cd4f8533
3660,3661,Naoki Inoue,199eb7cf6ae90294
10637,10638,Naoyuki Kotani,bc8f6b42767e28df
2393,2394,Nasrat Haqparast,b7b84ccd221be298
83,84,Nassourdine Imavov,881bf86d4cba8578
4418,4419,Nate Diaz,8355922d564b152c
887,888,Nate Landwehr,583ee11abddfc581
9993,9994,Nate Loughran,cbf94e4c4af4ff6d
291,292,Nate Maness,6e9f40c706f91f32
9674,9675,Nate Marquardt,a8e6a69796280f17
10361,10362,Nate Mohr,04c15b52c3cc1cab
11088,11089,Nate Quarry,52cae54377b433b7
11569,11570,Nate Schroeder,040426baba8a45e8
4897,4898,Nathan Coy,15ec018d144710db
2174,2175,Nathaniel Wood,329e403448756217
5283,5284,Nazareno Malegarie,d38e8c6ae2dfc051
9883,9884,Neil Grove,36a432f22144843e
6312,6313,Neil Magny,84b3e7d38f2d2ec5
5902,5903,Neil Seery,49a74b9fb2e45fdf
10057,10058,Neil Wain,6b7bc7eaf2465387
3198,3199,Nicco Montano,1de9ad94de18eeaf
3728,3729,Nicholas Musoke,8b5f9ea38184ded3
11259,11260,Nick Agallar,ebc5af72ad5a28cb
9902,9903,Nick Catone,f8fe2053d73d7bcf
8213,8214,Nick Denis,e4aaaa34535e32b6
11274,11275,Nick Diaz,f57a8a52ca401ed9
5256,5257,Nick Hein,2816ced060a21be3
9750,9751,Nick Osipczak,5b407acfe0ef9b76
8709,8710,Nick Pace,8cb76103cd8a1562
7792,7793,Nick Penner,879b8df81523d91b
7014,7015,Nick Ring,b13da0b1a3aed3e7
3599,3600,Nick Roehrick,7195e2a932686f82
11805,11806,Nick Sanzo,1d147d4163a6989b
11375,11376,Nick Serra,1975c2272ba40e71
11020,11021,Nick Thompson,7d3caf0f96f1b33d
1974,1975,Nicolae Negumereanu,8c57c7b8c3bab0eb
4387,4388,Nicolas Dalby,9d19d9e4aa2662e8
6645,6646,Nik Lentz,6fb1ba67bef41b37
2459,2460,Nikita Krylov,1091d4d957141094
6182,6183,Niklas Backstrom,39cc64bf0a269db9
685,686,Niklas Stolze,62f7097c04311193
1987,1988,Niko Price,d8da10db80131bec
4011,4012,Nina Ansaroff,d343df8ba11f4c4e
9841,9842,Nissen Osterneck,d632d156c0549e07
5509,5510,Noad Lahat,9f755fb04cc21499
11719,11720,Noe Hernandez,df2cf66d8c0123db
1653,1654,Nohelin Hernandez,f97c5433c77522d3
6360,6361,Nolan Ticman,9eb069062a0cfc13
6716,6717,Nordine Taleb,49858bf46dabf6fb
5807,5808,Norifumi Yamamoto,4834ff149dc9542a
987,988,Norma Dumont,d3f5d33d61cd00c9
5571,5572,Norman Parke,14ff46596ad80609
140,141,Ode Osbourne,6d68c1afe954f121
11944,11945,Oleg Taktarov,1dc56b59cb28425d
7983,7984,Oli Thompson,dcdd511ff757f15c
2909,2910,Oliver Enkamp,330bafba312face4
3419,3420,Olivier Aubin-Mercier,55ee431411ccf07a
3693,3694,Oluwale Bamgbose,04b39f4e8eb59d7c
907,908,Omar Morales,a0e6753c42698f13
176,177,Omari Akhmedov,16690d100f995f8f
11940,11941,Onassis Parungao,96d173b7f92aa520
12036,12037,Orlando Wiet,a6c2f5381d575920
1175,1176,Oskar Piechota,1cf7ccf64a5bf24e
1462,1463,Ottman Azaitar,ee18ff42063174df
3386,3387,Ovince Saint Preux,50db8711c70196cd
7551,7552,Pablo Garza,8e5bfd4e82352340
5918,5919,Paddy Holohan,6e7c758f5cdec01a
5075,5076,Paige VanZant,4d5197f331c47290
1247,1248,Pannie Kianzad,91dac5e69e28d5b5
8252,8253,Papy Abedi,c9f6385af6df66d7
277,278,Parker Porter,ac40f7e3cbecdda4
7697,7698,Pascal Krauss,a01e84abefd85ec0
9153,9154,Pat Audinwood,196ed28337adc630
8198,8199,Pat Barry,658c3465581ae46b
10847,10848,Pat Healy,50d2f0018bcf9eef
11560,11561,Pat Miletich,cedfdf8d423d500c
8131,8132,Pat Schilling,de12bd65e2f46478
8037,8038,Patrick Cote,9fa3bd637edd9aa2
3826,3827,Patrick Cummins,e51e5cb722bd47a8
12042,12043,Patrick Smith,46c8ec317aff28ac
5845,5846,Patrick Walsh,b4c96c3d9139bf0e
6669,6670,Patrick Williams,39330403ad27c2bb
8515,8516,Paul Bradley,c7011de4765d2497
11106,11107,Paul Buentello,f0abbb6f3444dae7
1203,1204,Paul Craig,eabf206b162b3b83
11389,11390,Paul Creighton,ed73c85164a5f5a4
9498,9499,Paul Daley,23725c826c481e7f
3551,3552,Paul Felder,e5010b1b94ca5755
10385,10386,Paul Georgieff,2f1700b3a4a09bc7
11895,11896,Paul Herrera,440c9dbab63528fb
11621,11622,Paul Jones,f341f9551ba744e2
8955,8956,Paul Kelly,aac5ac38148f0528
5403,5404,Paul Redmond,3f56b99447f00607
11479,11480,Paul Rodriguez,26eddcda9d6b2ffe
8593,8594,Paul Sass,7b143a54451263d9
10202,10203,Paul Taylor,9b74de674c355425
11898,11899,Paul Varelans,07a18ae55dfc3cd9
3305,3306,Paulo Costa,2e5c2aa8e4ab9d82
11701,11702,Paulo Santos,7ca4c3f8aa8bacae
7845,7846,Paulo Thiago,30a09e43f15f1d75
5706,5707,Pawel Pawlak,9310418684bc896f
3815,3816,Pearl Gonzalez,1ebdcb7488d0ebee
2017,2018,Pedro Munhoz,6bd02119599741a4
7723,7724,Pedro Nobre,e983c62faf677ab2
11676,11677,Pedro Rizzo,b44f39a5c6596953
7029,7030,Peggy Morgan,92b36014314b028b
9881,9882,Per Eklund,58bc81376286b3d3
10755,10756,Pete Sell,0359313549d230a1
11091,11092,Pete Spratt,c3ea8deeba00462b
11704,11705,Pete Williams,6291ac0a3726732f
639,640,Peter Barrett,d21113c9ff3788ae
2905,2906,Peter Sobotta,1fcfc3709fe58151
1158,1159,Petr Yan,d661ce4da776fc20
11445,11446,Phil Baroni,1652f3213655b935
6133,6134,Phil Davis,902ab9197b83d0db
7124,7125,Phil Harris,ba043b03eb799063
82,83,Phil Hawes,547afe1017e72dbe
11501,11502,Phil Johns,a8fa0c4e95512806
8531,8532,Philip De Fries,6ef65b6a152e49d5
117,118,Philip Rowe,8e382b585a92affe
774,775,Philipe Lins,53c943c873cffe90
11340,11341,Phillip Miller,18aecaf50f52e4c3
9793,9794,Phillipe Nover,64360e618823a8e4
1634,1635,Pingyuan Liu,31bbd39c0a075d4e
6543,6544,Piotr Hallmann,a3be148af5c7b088
3379,3380,Poliana Botelho,5c126c6aac3ef364
1543,1544,Polyana Viana,9673a497a9da119a
1805,1806,Priscila Cachoeira,b1e5bcaad32a3cac
1174,1175,Punahele Soriano,64facb6cc564262d
7587,7588,Quinn Mulhern,16af2d5a6f28bee2
8288,8289,Quinton Jackson,ffc088e64fab57e9
2669,2670,Rachael Ostovich,01784fbc27c68b14
19,20,Rafa Garcia,e132d47bd9efbbe0
11880,11881,Rafael Carino,08a7080ff5904661
5350,5351,Rafael Cavalcante,5c1ca0c72b599a3c
3429,3430,Rafael Dos Anjos,6a2f7c151031653d
1881,1882,Rafael Fiziev,c814b4c899793af6
8346,8347,Rafael Natal,0dba4df5f34d5ff0
8821,8822,Rafaello Oliveira,15b1b21cd743d652
11813,11814,Rainy Martinez,577ec7e108b94be3
207,208,Ramazan Emeev,abd5fb12437eda21
10355,10356,Rameau Thierry Sokoudjou,d1152823307d7e7c
6904,6905,Ramiro Hernandez,915c8d39d4a0e7d1
351,352,Ramiz Brahimaj,3d074044a33825e7
7506,7507,Ramsey Nijem,22aa91e402d0fe1f
3050,3051,Randa Markos,4a57ebb14315b251
4949,4950,Randy Brown,c6aee362c7a7d482
1314,1315,Randy Costa,325ad0dd9126d3df
11229,11230,Randy Couture,0aa92558424ced9e
7324,7325,Rani Yahya,94527830000ab715
338,339,Raoni Barcelos,b9f28e7045fdfce7
3980,3981,Raphael Assuncao,2f13e4020cea5b38
681,682,Raphael Pessoa,41f90012b86a11bf
6036,6037,Raquel Pennington,fc169c387b4b465d
3260,3261,Rashad Coulter,d1528ac5675558b1
9307,9308,Rashad Evans,ee779c43a8926d52
5181,5182,Rashid Magomedov,7ea1f74cef32f906
754,755,Raulian Paiva,82b4e942781b1046
1610,1611,Ray Borg,a4de54ea806fb525
17,18,Ray Rodriguez,90e0985df05e51bc
12043,12044,Ray Wizard,ea0ad155451ed1f5
9619,9620,Razak Al-Hassan,38b50fd1e1b5b656
9961,9962,Reese Andy,46e2ca71fd5089cb
4603,4604,Reginaldo Vieira,f9081770e28ea2e1
12019,12020,Remco Pardoel,749685d24e2cac50
4308,4309,Renan Barao,2c99576fefe53c7c
4704,4705,Renato Moicano,b6452706b373eea1
10647,10648,Renato Sobral,d468288756ae3982
11230,11231,Renato Verissimo,c24b1db4b809d41b
7877,7878,Renee Forte,44bc27bfa76dcd9e
9355,9356,Renzo Gracie,aae0897825336b1a
8804,8805,Reuben Duran,4417980b3e798abf
10649,10650,Rex Holman,b5ea750025697880
7881,7882,Reza Madadi,e25bcbcdaf6537a1
11847,11848,Reza Nasri,d41937647eae9a34
331,332,Rhys McKee,f748267c4ab6c127
5558,5559,Ricardo Abreu,aa6e591c2a2cdecd
9029,9030,Ricardo Almeida,91186547a7f3f758
8406,8407,Ricardo Funch,e9e1acc96536bb4f
6476,6477,Ricardo Lamas,3974fa35c917af1d
3962,3963,Ricardo Ramos,1ae8f3c723aacff4
8621,8622,Ricardo Romero,744e098e065cfdbe
11255,11256,Ricco Rodriguez,50cc91ce2982785d
9273,9274,Rich Attonito,210935fd21670f6d
10432,10433,Rich Clementi,7d21de9c6d7c98b2
9623,9624,Rich Franklin,d897897060f10a3a
11307,11308,Richard Crunkilton,22ee260735da0d58
6718,6719,Richard Walsh,303a05a7aa3ff761
6577,6578,Richardson Moreira,9147679e1a4ad4a3
10379,10380,Richie Hightower,318e629d1eb7aa49
2671,2672,Richie Smullen,f75c5ca0d91b9115
7016,7017,Richie Vaculik,54578e5927adea53
10919,10920,Rick Davis,2549d63da9c456cb
3117,3118,Rick Glenn,814ff3018127e8fc
7433,7434,Rick Story,5b5307450405abf0
2279,2280,Ricky Rainey,9b1e3fb4f8cbd5b7
178,179,Ricky Simon,5987b2458f4b5290
8304,8305,Riki Fukuda,7c35f869033901ae
4821,4822,Rin Nakai,f9ae6914f604aa9f
10199,10200,Roan Carneiro,1c86754617d9813a
9130,9131,Rob Broughton,a7d687e6ecb30981
10525,10526,Rob Emerson,dc0f07928009a127
3578,3579,Rob Font,05339613bf8e9808
9842,9843,Rob Kimmons,054defd5420a551f
10880,10881,Rob MacDonald,f3388d2cf7ab3f64
3002,3003,Rob Wilkinson,826475cc758e60e6
10301,10302,Rob Yundt,42078a86d3dd037b
4466,4467,Robbie Lawler,f2925e6db404bf1d
6448,6449,Robert Drysdale,d2a9be6bf2de624c
12037,12038,Robert Lucarelli,96087e90d900f0ef
7526,7527,Robert McDaniel,5cafbc97dba2e797
8511,8512,Robert Peralta,960d6cae8879ba2b
3493,3494,Robert Sanchez,546f8599a63c29da
6785,6786,Robert Whiteford,1dafccb62a0f98ec
5635,5636,Robert Whittaker,e1147d3d2dabe1ce
11850,11851,Roberto Traven,20ec0061400178ca
5725,5726,Rocky Lee,0d1c163b206e8c5f
9553,9554,Rodney Wallace,b9415726dc3ec526
6099,6100,Rodolfo Rubio Perez,c4731f43693b96b8
972,973,Rodolfo Vieira,260e9e0d4954aea6
7416,7417,Rodrigo Damm,a20d7dfaba74c067
890,891,Rodrigo Nascimento,d31a5546c0e9b213
11381,11382,Rodrigo Ruas,94070f6544c4b2a5
6507,6508,Rodrigo de Lima,a4dc47001f202bcd
7515,7516,Roger Bowling,3b9f723e2720a238
7359,7360,Roger Gracie,a6bbd3df469c6bea
7465,7466,Roger Hollett,27d65e9d0fba61ea
10368,10369,Roger Huerta,daf1b84aebd6602b
5783,5784,Roger Narvaez,3a12a2f096a6d975
5261,5262,Roger Zapata,fe5ca7ef93c3f6a7
1536,1537,Rogerio Bontorin,07a2bdaa0afdd831
661,662,Rogerio Nogueira,73e09f837f3b5ecc
6334,6335,Roland Delorme,173acb3f920082b8
12011,12012,Roland Payne,2e04a3b4a2011b97
9773,9774,Rolando Delgado,37b1696e6d115957
2692,2693,Rolando Dy,55ed59d541f8b90c
5628,5629,Roldan Sangcha'an,57887765f831e228
9473,9474,Rolles Gracie,e4a9dbade7c7e1a7
751,752,Roman Bogatov,d61316139d68dbe3
262,263,Roman Dolidze,327d5f279895110d
1240,1241,Roman Kopylov,9d83f6da776ff7d6
10271,10272,Roman Mitichyan,2961be02cfb0d2c1
5331,5332,Roman Salazar,72c4b253d2f5ebf2
11299,11300,Romie Aram,73ef22f25d0f70e2
11051,11052,Ron Faircloth,453ee00c3e1ae9dd
5744,5745,Ron Stallings,6dd758d34da8d254
11615,11616,Ron Waterman,efaf544314bb5c2e
11997,11998,Ron van Clief,23ab42947c1990e3
11191,11192,Ronald Jhun,b9e871af730f826c
6452,6453,Ronda Rousey,8bdac25ce0bb874d
71,72,Ronnie Lawrence,e7e01e266a9d4342
6750,6751,Ronny Markes,bd21a1e3d41c97ee
7870,7871,Rony Jason,b71ce838b01f2cad
9381,9382,Ronys Torres,cce79e827569f26e
1245,1246,Roosevelt Roberts,37c5366d18ed6c05
537,538,Roque Martinez,2c5a0b8317f8f27a
8218,8219,Rory MacDonald,cbd5d3cdd862e90e
9403,9404,Rory Markham,23a16ebe733e3041
10535,10536,Rory Singer,546015aa2ad945fd
4758,4759,Rose Namajunas,47b63240018d5d86
7130,7131,Rosi Sexton,5dfe71ade71f3a4b
6345,6346,Ross Pearson,4f732e58ed907eff
10893,10894,Ross Pointon,7215953cd5c6254d
1361,1362,Rostem Akman,1fc64507a0cb38cf
8658,8659,Rousimar Palhares,8ddf9c51c5fdea75
1112,1113,Roxanne Modafferi,4498b382c65a7faa
8148,8149,Roy Nelson,3f7c14c7eca7195d
11639,11640,Royce Alger,669a3cb6e394f515
12030,12031,Royce Gracie,429e7d3725852ce9
6339,6340,Royston Wee,b9c03e7a4557e542
5811,5812,Ruan Potts,7e208569469c8bc8
11955,11956,Rudyard Moncayo,02d276b7d62b3472
6599,6600,Ruslan Magomedov,369e1ce458ef50a6
6253,6254,Russell Doane,f50d95223751e6ca
3462,3463,Rustam Khabilov,9b7694d064a8a0ad
9968,9969,Ryan Bader,c0ab242c40decc55
7041,7042,Ryan Benoit,20999e27ddd94bda
7544,7545,Ryan Couture,46fd223e3ced39b3
1633,1634,Ryan Hall,8866c6f509c19089
3925,3926,Ryan Janes,b59037262c8fe060
10077,10078,Ryan Jensen,aae99701b21554e4
6710,6711,Ryan Jimmo,bc3ec52ef70fc155
5747,5748,Ryan LaFlare,4c7781da8c6cae93
1954,1955,Ryan MacDonald,35e1f9984ed64206
9857,9858,Ryan Madigan,a8d521d913df4e31
8798,8799,Ryan McGillivray,1f9c371c93dfd3a9
11933,11934,Ryan Parker,6a0b80a24f22e152
10265,10266,Ryan Roberts,35dc6220b113b7ec
1334,1335,Ryan Spann,a67f5afa8d6a1b80
10023,10024,Ryan Thomas,b732b326c362fb62
9821,9822,Ryo Chonan,55a7b2d4e54ffac9
3192,3193,Sabah Homasi,71f048adbfed5b49
1930,1931,Sabina Mazo,70d2329a92864fdb
11797,11798,Saeed Hosseini,21f2974fd08085e3
4934,4935,Sage Northcutt,ed9d8ee3a4239b1c
6806,6807,Sai Wang,efb9a43415a56d34
420,421,Said Nurmagomedov,0fd5f4b838e890cc
9046,9047,Sako Chivitchian,9f7787e56a6bc0f4
3358,3359,Salim Touahri,cbf1c7ba5408a66f
11868,11869,Sam Adkins,0e9869d712e81f8f
395,396,Sam Alvey,d156513a19acf856
11779,11780,Sam Fulton,1f5f75658551f2d3
10941,10942,Sam Hoger,84a067c46306a737
253,254,Sam Hughes,e94085e821bd81de
7871,7872,Sam Sicilia,b8aef0faf4ce9b31
9802,9803,Sam Stout,501b07aec9b8fc2d
11031,11032,Sammy Morgan,2067a177a2842fbf
10269,10270,Samy Schiavo,1208ffc5be6e31ad
11576,11577,Sanae Kikuta,e4bde462b043d3e1
196,197,Santiago Ponzinibbio,6d1bffff14897645
973,974,Saparbeg Safarov,88d7b6d8230e1f3f
1096,1097,Sara McMann,7be74a12d7352df2
511,512,Sarah Alpar,49b130de1da2e1bf
2115,2116,Sarah Frota,1641ef250e9de19b
7152,7153,Sarah Kaufman,36df8e119aec6175
6446,6447,Sarah Moras,539ed332b3078821
315,316,Sasha Palatnikov,a6c20202c701e5ca
11579,11580,Satoshi Honma,d2b1c1317a39f6c6
11594,11595,Scott Adams,2620f3eb21c79614
5510,5511,Scott Askham,06827d70c53ff0d9
12033,12034,Scott Baker,7d5b12de1625984e
11921,11922,Scott Bessac,3f24c96753dbd9f9
11803,11804,Scott Ferrozzo,977081bc01197656
11865,11866,Scott Fiedler,0ec821423baa26bd
5333,5334,Scott Holtzman,df1eb4354d18a906
7814,7815,Scott Jorgensen,0b64d0fed453ef7f
10437,10438,Scott Junk,ac70a4f1db1b8c40
12044,12045,Scott Morris,be9d259be012e8a4
10933,10934,Scott Smith,3410cf010558dc8b
11301,11302,Sean Alvarez,e741536153227386
572,573,Sean Brady,45f7cb591c3ab00b
12045,12046,Sean Daugherty,a683f9ddb70aa4bd
11039,11040,Sean Gannon,6d7886b094b471ac
8866,8867,Sean McCorkle,008dc37cca279def
5637,5638,Sean O'Connell,cb52f9490c2dc069
833,834,Sean O'Malley,b50a426a33da0012
7938,7939,Sean Pierson,0d506315895efffc
10577,10578,Sean Salmon,7c0847d3854a95f2
9787,9788,Sean Sherk,029880cdbf5ca089
6939,6940,Sean Soriano,bd5403efbaa445c0
6776,6777,Sean Spencer,ab850a77a0fa487d
2391,2392,Sean Strickland,0d8011111be000b2
1313,1314,Sean Woodson,4682bc59d5f55145
11488,11489,Semmy Schilt,d5ed14b2153c6ed2
6013,6014,Seo Hee Ham,165c244bcca3ed26
1291,1292,Sergei Pavlovich,f14cf73e51b29254
1747,1748,Sergey Khandozhko,90da09db03e41748
189,190,Sergey Morozov,2f6a993c7f547c13
711,712,Serghei Spivac,e2f6b2769aaedd6c
1801,1802,Sergio Moraes,1bcaac2d99b90fce
5239,5240,Sergio Pettis,de75d1c45a39e221
7942,7943,Seth Baczynski,fd5b6598a3b70c0a
10783,10784,Seth Petruzelli,93b9496275bbbf80
136,137,SeungWoo Choi,a68575214ecad140
8497,8498,Shamar Bailey,e2b8186b618b00c4
1877,1878,Shamil Abdurakhimov,2f5cbecbbe18bac4
1234,1235,Shamil Gamzatov,0d980975001ae3d8
92,93,Shana Dobson,122ac9b816d8b71c
1815,1816,Shane Burgos,98d961097baaf308
4412,4413,Shane Campbell,784285b7ae7dd85f
9395,9396,Shane Carwin,68dd7b3783c19f9c
5919,5920,Shane Howell,a7de976620f2ed13
9529,9530,Shane Nelson,2db7fa8db6bc9632
9977,9978,Shane Primm,5114f1b5ad4cdf72
7897,7898,Shane Roller,75e0d3cc2262b732
484,485,Shane Young,4cd8b03aee1d0138
7757,7758,Shane del Rosario,85980f5da429c0a6
1051,1052,Shanna Young,568bbad0eaced57c
9732,9733,Shannon Gugerty,9f1641c08cf8fbe2
393,394,Shavkat Rakhmonov,01afe0916a40c7c5
8285,8286,Shawn Jordan,ca2efc9d7d523c43
6289,6290,Shayna Baszler,8ef4a91ac694b7ce
7319,7320,Sheila Gaff,837d30395faca41e
5707,5708,Sheldon Westcott,ec2d13a87d3d9541
10739,10740,Sherman Pendergarst,e670f8cc2969a789
3229,3230,Sheymon Moraes,0d62719b1dcf7c40
2696,2697,Shinsho Anzai,4665f9f909cd7214
11471,11472,Shonie Carter,7b6e40a73b567072
6943,6944,Shunichi Shimizu,10657c60ce349e0f
1418,1419,Sijara Eubanks,4234f0097c83fa62
8260,8261,Simeon Thoresen,fea8acf9bfcf09ec
11670,11671,Sione Latu,5898357a45a73674
5493,5494,Sirwan Kakai,2525a853486ee670
2179,2180,Siyar Bahadurzada,aec185309b4843d0
6114,6115,Soa Palelei,60029bcf496bd707
1918,1919,Sodiq Yusuff,94426bb170c88115
10897,10898,Solomon Hutcherson,155bfc7ed36622df
2290,2291,Song Kenan,32490e80ddab1e5a
1657,1658,Song Yadong,efb96bf3e9ada36f
10768,10769,Spencer Fisher,f34312c2ccfa0e00
278,279,Spike Carlyle,be68b375707dcb85
5895,5896,Stanislav Nedkov,1d4bbaabd8b60173
2477,2478,Stefan Sekulic,348dff4e03bd18c6
9524,9525,Stefan Struve,ebc1f40e00e0c481
8482,8483,Stephan Bonnar,c6a33ff198aaaeeb
445,446,Stephanie Egger,5e6294b37bbef029
8465,8466,Stephen Bass,1cecc8fe6748a532
6213,6214,Stephen Thompson,4a28cb716c19157a
11397,11398,Steve Berger,21b1132949f2a9b0
5483,5484,Steve Bosse,e023fa2e648ea0f1
9905,9906,Steve Bruno,2f3f12002564bb55
10725,10726,Steve Byrnes,43612456979e5d5e
8906,8907,Steve Cantwell,f1f9e48a0d150757
997,998,Steve Garcia,97cf1a2c7c5e7889
11992,11993,Steve Jennum,ad047e3073a775f3
11585,11586,Steve Judson,6ece1d2ab1bed31d
5167,5168,Steve Kennedy,185fb0200a4605e6
9637,9638,Steve Lopez,6085ceb59087514b
5490,5491,Steve Montgomery,6e92eb1242b46636
11821,11822,Steve Nelmark,13e62d766b709aa6
9241,9242,Steve Steinbeiss,0b5b6876c2a4723f
10959,10960,Steve Vigneault,6888e31ce88f5b17
11785,11786,Steven Graham,3e514f437c51ce0a
1407,1408,Steven Peterson,b93c06d09d1c4ac0
7492,7493,Steven Siler,d188a3b817860ec6
10545,10546,Stevie Lynch,710d93f1508f7104
1277,1278,Stevie Ray,31a13532e724ca2b
7903,7904,Stipe Miocic,d28dee5c705991df
180,181,Su Mudaerji,3cf18e01cb6cbde3
2823,2824,Sultan Aliev,e70de1859b7ee78e
2240,2241,Suman Mokhtarian,192520689012c7e4
1745,1746,Sung Bin Jo,6e0e977beb909837
2301,2302,Syuri Kondo,a851c35f58199231
999,1000,TJ Brown,d31cbcdd7d69536d
4954,4955,TJ Dillashaw,c849740a3ff51931
9156,9157,TJ Grant,a26198ba5093147e
513,514,TJ Laramie,cd2e5a390821fb48
8689,8690,TJ O'Brien,d25b93992f285953
7766,7767,TJ Waldburger,8f2939f5fd9cca1e
6529,6530,Tae Hyun Bang,9a2d3567abc02e34
230,231,Tafon Nchukwi,6aae253467e8f9ce
447,448,Tagir Ulanbekov,f00ac08ab056af5d
11832,11833,Tai Bowden,2efbc83a6b9b7f86
1354,1355,Tai Tuivasa,c62fbc117d57b943
229,230,Taila Santos,f7467152fd9f18a2
4557,4558,Takanori Gomi,3be081c29bf734d9
1847,1848,Takashi Sato,8abac218746e04ca
6847,6848,Takenori Sato,276c60b14b571dd4
5248,5249,Takeya Mizugaki,48e093ea1f43a053
1808,1809,Talita Bernardo,5b2325cd70dbe2ea
10403,10404,Tamdan McCrory,eff47295daf721a6
680,681,Tanner Boser,04c8b08b16a5b99e
4025,4026,Tarec Saffiedine,0749d968e932df53
6281,6282,Tateki Matsuda,3a524c6700addc24
3284,3285,Tatiana Suarez,b08012bbe542592a
5497,5498,Tatsuya Kawajiri,80d918336163b80c
4390,4391,Taylor Lapilus,8b1ed83b02303075
2151,2152,Te Edwards,ef44e4ea9050f2ea
3610,3611,Tecia Torres,31ef8b67e13495b3
11584,11585,Tedd Williams,b63e800c18e011b5
3853,3854,Teemu Packalen,8f4eeaf7a0df7c1a
3589,3590,Terrion Ware,ba5e253af86db1a8
10221,10222,Terry Etim,33011768c3c4dc9a
10443,10444,Terry Martin,6a92caba39b64752
4460,4461,Teruto Ishihara,88cd34d836b4ebcd
12039,12040,Thaddeus Luster,505934897b8b4824
4855,4856,Thales Leites,cfb65863d5099327
10184,10185,Thiago Alves,31ee470ef5dc8d7f
2337,2338,Thiago Moises,d945aae53e3e54e6
7080,7081,Thiago Perpetuo,c1a5d3843596df92
3923,3924,Thiago Santos,dea070ed4a2a8281
9497,9498,Thiago Silva,2924886ee9c4c527
8910,8911,Thiago Tavares,8a59d346dc976a10
4613,4614,Thibault Gouti,51e86de150ee8be6
4164,4165,Thomas Almeida,2b074403b7c6cdb4
1845,1846,Thomas Gifford,e7f51d9f9e9259e7
11901,11902,Thomas Ramirez,ea398c802d9998ee
5832,5833,Tiago dos Santos e Silva,8ce87f7e3a9baed2
11511,11512,Tiki Ghosn,cb6783c39c01d896
6655,6656,Tim Boetsch,c80095f6092271a7
10136,10137,Tim Credeur,89b8d1bf1ff09d1d
1341,1342,Tim Elliott,c96d9178c9ed9e62
6721,6722,Tim Gorman,c10eb2f12c489f6d
9345,9346,Tim Hague,219a254e15d60135
4070,4071,Tim Kennedy,3c660c90d48fc80d
11553,11554,Tim Lajcik,c7e9d15cfce52f1d
9845,9846,Tim McKenzie,9ca265dfe8323db3
8116,8117,Tim Means,4b47e71384a9522f
10728,10729,Tim Sylvia,2a542ee8a8b83559
2989,2990,Tim Williams,990bd63726a577f8
5315,5316,Timothy Johnson,cc900af167fbedfd
594,595,Timur Valiev,45e738622ea2c02c
6427,6428,Tina Lahdemaki,e5ca2bc2451a5956
8695,8696,Tito Ortiz,2f732dd9210d301f
9216,9217,Todd Brown,9b68bf67c5695185
11775,11776,Todd Butler,3fed746acfd026dd
1426,1427,Todd Duffee,bda04c573563cc2e
11971,11972,Todd Medina,b60391da771deefe
676,677,Tom Aspinall,399afbabc02376b5
8936,8937,Tom Blackledge,2adb11835acd815b
434,435,Tom Breese,1588b787bda7b540
8255,8256,Tom DeBlass,0bcfe2513cb3bc39
2902,2903,Tom Duquesnoy,e979c76341f19b22
9937,9938,Tom Egan,eae4aec1a5a8ff01
3607,3608,Tom Gallicchio,cc81c92fe2254935
9109,9110,Tom Lawlor,4d44f37107f01b9b
10970,10971,Tom Murphy,62918a2118de08b2
6586,6587,Tom Niinimaki,5fceb45939fc0c8a
5875,5876,Tom Watson,6809c31286b08d97
10471,10472,Tomasz Drwal,679a9054e2815943
7959,7960,Tommy Hayden,0871254cd790c250
10273,10274,Tommy Speer,1411c630ba711b64
11459,11460,Tony DeSouza,6ad9058b7c7898b0
5802,5803,Tony Ferguson,22a92d7f62195791
11780,11781,Tony Fryklund,253de74457bd6374
1099,1100,Tony Gravely,601964f9654f911a
11789,11790,Tony Halme,bad28b7b34f334de
441,442,Tony Kelley,1a08b01fdabb6ae2
11651,11652,Tony Petarra,c61f66d8c3fd5f07
4989,4990,Tony Sims,57bad6a84230f0c9
2419,2420,Tonya Evinger,b12a1d19ee383b7c
6400,6401,Tor Troeng,8abf70f79e9e27c2
11729,11730,Townsend Saunders,20bd6c3e03c46ee6
11807,11808,Tra Telligman,1dab0d1d81dd06db
444,445,Tracy Cortez,68d4a891e5cf2029
8608,8609,Travis Browne,3236bf606fe9fa5b
11642,11643,Travis Fulton,911fb265462f0d94
11121,11122,Travis Lutter,622f015c81a9b13a
11339,11340,Travis Wiuff,7f9f528cb72a6ed1
11919,11920,Trent Jenkins,02fc8f50f56eb307
1550,1551,Trevin Giles,b27a1fcb56a3035a
55,56,Trevin Jones,ec23c1be628d8057
10955,10956,Trevor Prangley,f5ff7bcdcfeba3ad
6733,6734,Trevor Smith,f797f0c57a83353e
1429,1430,Tristan Connelly,2ebfbe72ed703925
9885,9886,Troy Mandaloniz,725a834930c2b5bf
11387,11388,Tsuyoshi Kohsaka,b76ed59283d3559c
11698,11699,Tulio Palhares,e8c170a64dc920ac
2674,2675,Tyler Diamond,f5f6419c5f00abad
9045,9046,Tyler Toner,8e893f269d5696b2
3882,3883,Tyron Woodley,effd9de9937996f8
11558,11559,Tyrone Roberts,d1e6a6536ee62517
10810,10811,Tyson Griffin,20205040232ed0f3
173,174,Tyson Nam,6e00cfffd54653c4
2235,2236,Tyson Pedro,49e96ff8ab781589
7661,7662,Ulysses Gomez,1e35aa8955794580
188,189,Umar Nurmagomedov,2b6fc1c02736833d
3423,3424,Uriah Hall,65578a75fa7900e3
1159,1160,Urijah Faber,78114b7199cef90c
52,53,Uros Medic,681399317dbf4701
8768,8769,Vagner Rocha,d403b1a6f278c95e
1518,1519,Valentina Shevchenko,132deb59abae64b1
11623,11624,Valeri Ignatov,7b6ce3a9460565b5
5677,5678,Valerie Letourneau,46a2f24feb258ae0
5813,5814,Valmir Lazaro,777dea713da2441d
757,758,Vanessa Melo,9b7dfb3b7d99926a
8303,8304,Vaughan Lee,8bb6f4479685bbcc
5140,5141,Vernon Ramos Ho,30b577b112bef42d
11185,11186,Vernon White,12458872d6afae1b
956,957,Veronica Macedo,4798e823ada58fe9
5027,5028,Vicente Luque,6d4b63c767106d3a
367,368,Victor Rodriguez,f6e5972c9d16c40e
10597,10598,Victor Valimaki,663b76da637402c3
190,191,Victoria Leonardo,9dedfdd91070ddd8
6717,6718,Vik Grujic,1e7483dbff40b84b
4007,4008,Viktor Pesta,202b0467521c9d6f
2735,2736,Vinc Pichel,c77a953488e5607d
655,656,Vince Cachero,ed2a8cc402173781
1825,1826,Vince Morales,37098a6e6c27fb66
1679,1680,Vinicius Moreira,acb36c908d415c4a
9131,9132,Vinicius Queiroz,2a8502954f49e682
7479,7480,Vinny Magalhaes,88a9bc81271ccd89
609,610,Virna Jandiroba,7dda2cf308f24a02
4823,4824,Viscardi Andrade,d221ee27afc7a60e
11802,11803,Vitor Belfort,0ee783aa00e468f0
5972,5973,Vitor Miranda,4bcb6eb12b4ad4aa
1809,1810,Viviane Araujo,36541f1e6c5d4955
3285,3286,Viviane Pereira,d50382dc0565a9e1
9223,9224,Vladimir Matyushenko,ccdd90bd1fc7dab6
1524,1525,Volkan Oezdemir,0845c81e37d3bcb3
11225,11226,Wade Shipp,a9a314cc77d90b6e
8073,8074,Wagner Campos,db6d5f691aea3fd3
7979,7980,Wagner Prado,7f6ef4e1227600bc
6106,6107,Wagner Silva,fb79582c410d049e
8446,8447,Walel Watson,92aafa8f4b26269b
11811,11812,Wallid Ismail,da6dfd09cca1d705
4012,4013,Walt Harris,03f982ca3735070c
10208,10209,Wanderlei Silva,a1f6999fe57236e0
3224,3225,Wang Guan,dd12382f28296f7b
10223,10224,War Machine,cd7bafbeee1f29a0
5352,5353,Warlley Alves,d317a5e2b3f88c5f
8872,8873,Waylon Lowe,28f62d866c59c709
1209,1210,Wellington Turman,4dcfb28c011c11b2
5572,5573,Wendell Oliveira Marques,32c03df3c9760069
11799,11800,Wes Albritton,184b955181bdef52
10825,10826,Wes Combs,a85998eb79650b2c
11235,11236,Wes Sims,e0f7c4f3f67bc808
11345,11346,Wesley Correira,4e9fb05d7e5e61b8
3818,3819,Will Brooks,b6e6c3b1dcaae0a1
9048,9049,Will Campuzano,901cddcbfa079097
6945,6946,Will Chope,db5dc7cb80d7d418
8983,8984,Willamy Freire,f1f37d667bcd0d27
486,487,William Knight,5da33b8fbfa5ee95
5830,5831,William Macario,ed74afc8b5b47a61
5985,5986,Willie Gates,6ded9184b2284645
10336,10337,Wilson Gouveia,af5b208e97f5d382
6320,6321,Wilson Reis,5aedf14771ca82d2
1480,1481,Wu Yanan,fdbefee0827e1567
2102,2103,Wuliji Buren,2296125b6c362355
9783,9784,Xavier Foupa-Pokam,ec33146e43e58933
5228,5229,Yair Rodriguez,cbf5e6f231b55443
6142,6143,Yan Cabral,7cdd3e5d3aa9cb39
3233,3234,Yan Xiaonan,c41d426cc7326d1b
624,625,Yana Kunitskaya,3143bf892608139a
2967,2968,Yancy Medeiros,813550bc53b15fb0
4160,4161,Yao Zhikui,5ea918ea81b7dee2
6903,6904,Yaotzin Meza,3623bd267a2eef2e
7854,7855,Yasuhiro Urushitani,c34e5849184b08c3
5477,5478,Yoel Romero,f77c68bb4be8516d
8259,8260,Yoislandy Izquierdo,afc2a7ce0c763bd5
11747,11748,Yoji Anjo,e06fd1260ac865a7
921,922,Yorgan De Castro,1eff7bc0f815b270
6841,6842,Yosdenis Cedeno,3e61082025db8137
9119,9120,Yoshihiro Akiyama,b0550072e5f0afa7
11810,11811,Yoshiki Takahashi,6420efac0578988b
1581,1582,Yoshinori Horie,3fa7688bfe48a493
9987,9988,Yoshiyuki Yoshida,ab8900ae1f1dfd4c
137,138,Youssef Zalal,52c2ae6d2f2d2613
5617,5618,Yui Chul Nam,a00ec21cfbba17b6
11475,11476,Yuki Kondo,1fe7adb23b3eedfb
10835,10836,Yuki Sasaki,e5c38954c006f15c
11777,11778,Yuri Vaulin,4679a38cced7c64a
7230,7231,Yuri Villefort,0fb1e2694a39a02f
10704,10705,Yushin Okami,acff437707625fc7
4142,4143,Yusuke Kasuya,3058888c33149a53
4730,4731,Yuta Sasaki,7c3c48cf54a2848e
10857,10858,Yves Edwards,5f04e3d58d9ce982
8668,8669,Yves Jabouin,b4eeac608fc82f88
1224,1225,Zabit Magomedsharipov,87aa9fb63d6b51a1
11377,11378,Zach Light,5d7c18191b8aa432
5597,5598,Zach Makovsky,57ab4d7c0bc09a30
4791,4792,Zak Cummings,4ba8d454f762005d
4287,4288,Zak Ottow,47cd337b86b1af92
11883,11884,Zane Frazier,d3711d3784b76255
1367,1368,Zarah Fairn,862b0b3375aa4b6e
181,182,Zarrukh Adashev,79cb2a690b9ba5e8
1897,1898,Zelim Imadaev,7f0f171414d0a287
755,756,Zhalgas Zhumagulov,55fa6ce3e522c8bb
5622,5623,Zhang Lipeng,7b310409440c9102
8308,8309,Zhang Tiequan,c23e3d4875340d8d
1473,1474,Zhang Weili,1ebe20ebbfa15e29
5094,5095,Zubaira Tukhugov,aceffa19749c4dc0
